Unnamed: 0,Data_Source,Diluant Type,Diluant(%),Equv(phi),Fuel,Fuel(%),Measured_wavelength(nm),Mode_of_measurement,Oxidizer(%),P(atm),P_Error(%),Research_group,Shocktube_dia(cm),Species_measurement_Error,Species_name,T(K),T_Error(%),Time(μs)
146,aerosol_shock_tube / aerosol_shock_tube_low pressure / Second_generation_confo / Second_Generation_shock_tube ,N2,77.98,0.9,CCCCCCCCCCCC,1.02,430.0,Speceis,21.0,7.88,±9.3,Stanford,15.3,,CH,1167,±1,215
186,Autoignition_ n_Alkane / Horning_2001_thesis,Ar,86.0,0.5,CCCC,1.0,431.0,Speceis,13.0,1.14,±1,Stanford,15.3,±5,CH,1352,±1,307
353,Lam_2013_thesis / Normal_Alkanes_and_Simple_Oxygenates,Ar,95.5,1.0,CCCCC,0.5,306.0,Species,4.0,3.61,±1,Stanford,14.13,±3,OH,1303,±0.7,832
71,aerosol_shock_tube / aerosol_shock_tube_low pressure / Second_generation_confo / Second_Generation_shock_tube ,Ar,78.79,0.18,CCCCCCCCCCCC,0.21,430.0,Speceis,21.0,4.51,±9.3,Stanford,15.3,,CH,1351,±1,233
128,Horning_2001_thesis / Autoignition_ n_Alkane,Ar,95.2,1.0,CCCCCCC,0.4,431.0,Species,4.4,5.68,,Stanford,15.3,±5,CH,1375,±1,271
41,n_Dodecane_Nano,N2,99.21,1.0,CCCCCCCCCCCC,0.04,430.0,Speceis,0.75,2.17,,Stanford,15.3,,CH,1536,,140
190,C1_C4_Alkanes,Ar,92.86,1.0,CCCC,0.95,430.0,Speceis,6.19,1.24,,Xi’an_Jiaotong,11.5,±2.36,CH,1450,±3,267
45,n_Alkane_Oxidation,Ar,99.51,1.0,CCCCCCCCCC,0.03,431.0,Species,0.47,2.08,,Stanford,8.9,±5,CH,1661, ±1.5,87
148,n_Dodecane_Nano,N2,99.19,1.0,CCCCCCCCCCCC,0.05,430.0,Speceis,0.77,2.47,,Stanford,15.3,,CH,1415,,790
30,Horning_2001_thesis / Autoignition_ n_Alkane,Ar,95.24,0.9,CCCCCCC,0.36,431.0,Species,4.4,1.25,,Stanford,15.3,±5,CH,1476,±1,163
389,Autoignition_ n_Alkane / Horning_2001_thesis,Ar,92.5,1.0,CCCC,1.0,431.0,Speceis,6.5,2.02,±1,Stanford,15.3,±5,CH,1445,±1,186
398,n_Dodecane / Vasu_2010_thesis,N2,78.11,1.0,CCCCCCCCCCCC,1.12,306.0,Species,20.77,20.5,,Stanford,5.0,±5,OH,976,±1,800
154,n_Dodecane_Nano,N2,99.2,1.0,CCCCCCCCCCCC,0.05,430.0,Speceis,0.75,2.26,,Stanford,15.3,,CH,1450,,461
100,Horning_2001_thesis / Autoignition_ n_Alkane,Ar,95.2,1.0,CCCCCCC,0.4,431.0,Species,4.4,2.14,,Stanford,15.3,±5,CH,1412,±1,265
178,n_Alkane_Oxidation,Ar,99.51,1.0,CCCCCCCCCC,0.03,431.0,Species,0.47,2.19,,Stanford,8.9,±5,CH,1479, ±1.5,375
409,aerosol_shock_tube / aerosol_shock_tube_low pressure / Second_generation_confo / Second_Generation_shock_tube ,Ar,77.84,1.02,CCCCCCCCCCCC,1.16,430.0,Speceis,21.0,5.05,±9.3,Stanford,15.3,,CH,954,±1,4169
143,n_Dodecane_Nano,N2,99.2,1.0,CCCCCCCCCCCC,0.05,430.0,Speceis,0.75,2.35,,Stanford,15.3,,CH,1418,,614
145,Lam_2013_thesis / Normal_Alkanes_and_Simple_Oxygenates,Ar,95.84,0.5,CCCCCCCC,0.16,306.0,Species,4.0,2.07,±1,Stanford,14.13,±3,OH,1273,±0.7,988
359,aerosol_shock_tube / aerosol_shock_tube_low pressure / Second_generation_confo / Second_Generation_shock_tube ,Ar,78.79,0.18,CCCCCCCCCCCC,0.21,430.0,Speceis,21.0,4.0,±9.3,Stanford,15.3,,CH,1078,±1,5605
125,aerosol_shock_tube / aerosol_shock_tube_low pressure / Second_generation_confo / Second_Generation_shock_tube ,Ar,78.59,0.36,CCCCCCCCCCCC,0.41,430.0,Speceis,21.0,4.87,±9.3,Stanford,15.3,,CH,976,±1,6220
171,n_hexadecane / hexadecane_diesel/Haylett_2011_thesis,Ar,95.88,0.72,CCCCCCCCCCCCCCCC,0.12,431.0,Species,4.0,1.94,,Stanford,15.3,±2,CH,1266,±2,1122
98,aerosol_shock_tube / aerosol_shock_tube_low pressure / Second_generation_confo / Second_Generation_shock_tube ,Ar,78.47,0.47,CCCCCCCCCCCC,0.53,430.0,Speceis,21.0,6.19,±9.3,Stanford,15.3,,CH,1172,±1,524
356,Horning_2001_thesis / Autoignition_ n_Alkane,Ar,97.4,2.0,CCCCCCC,0.4,431.0,Species,2.2,1.26,,Stanford,15.3,±5,CH,1529,±1,442
194,n_Dodecane / Vasu_2010_thesis,N2,78.55,0.5,CCCCCCCCCCCC,0.57,306.0,Species,20.89,20.8,,Stanford,5.0,±5,OH,1177,±1,165
176,Autoignition_ n_Alkane / Horning_2001_thesis,Ar,95.75,2.0,CCCC,1.0,431.0,Speceis,3.25,1.03,±1,Stanford,15.3,±5,CH,1666,±1,177
380,Horning_2001_thesis / Autoignition_ n_Alkane,Ar,95.2,1.0,CCCCCCC,0.4,431.0,Species,4.4,4.11,,Stanford,15.3,±5,CH,1463,±1,103
47,n_Dodecane_Nano,N2,99.19,1.0,CCCCCCCCCCCC,0.05,430.0,Speceis,0.76,2.14,,Stanford,15.3,,CH,1618,,96
134,n_Alkane_Oxidation,Ar,99.15,0.68,CCCCCCCCCC,0.04,431.0,Species,0.81,1.68,,Stanford,8.9,±5,CH,1382, ±1.5,621
151,Autoignition_ n_Alkane / Horning_2001_thesis,Ar,96.25,1.0,CCCC,0.5,431.0,Speceis,3.25,1.18,±1,Stanford,15.3,±5,CH,1513,±1,186
131,aerosol_shock_tube / aerosol_shock_tube_low pressure / Second_generation_confo / Second_Generation_shock_tube ,Ar,77.82,1.04,CCCCCCCCCCCC,1.18,430.0,Speceis,21.0,6.57,±9.3,Stanford,15.3,,CH,1011,±1,1100
386,n_Dodecane_Nano,N2,99.19,1.0,CCCCCCCCCCCC,0.05,430.0,Speceis,0.76,2.07,,Stanford,15.3,,CH,1427,,655
106,n_Dodecane_Nano,N2,78.43,0.5,CCCCCCCCCCCC,0.57,430.0,Speceis,21.0,6.7,,Stanford,15.3,,CH,1108,,1339
362,Horning_2001_thesis / Autoignition_ n_Alkane,Ar,92.2,2.0,CCCCCCC,1.2,431.0,Species,6.6,1.2,,Stanford,15.3,±5,CH,1423,±1,486
66,Autoignition_ n_Alkane / Horning_2001_thesis,Ar,85.0,1.0,CCCC,2.0,431.0,Speceis,13.0,1.19,±1,Stanford,15.3,±5,CH,1490,±1,100
188,n_Dodecane / Vasu_2010_thesis,N2,78.11,1.0,CCCCCCCCCCCC,1.12,306.0,Species,20.77,20.6,,Stanford,5.0,±5,OH,1135,±1,178
135,Horning_2001_thesis / Autoignition_ n_Alkane,Ar,95.2,1.0,CCCCCCC,0.4,431.0,Species,4.4,2.13,,Stanford,15.3,±5,CH,1455,±1,165
173,Lam_2013_thesis / Normal_Alkanes_and_Simple_Oxygenates,Ar,95.84,0.5,CCCCCCCC,0.16,306.0,Species,4.0,1.98,±1,Stanford,14.13,±3,OH,1307,±0.7,663
390,n_Dodecane / Vasu_2010_thesis,N2,78.11,1.0,CCCCCCCCCCCC,1.12,306.0,Species,20.77,23.4,,Stanford,5.0,±5,OH,907,±1,1081
355,Haylett_2011_thesis,N2,77.53,1.09,CCCCCCCCCC,1.47,430.0,Species,21.0,4.56, ±9.6,Stanford,15.3, ±9.6,CH,1109, ±2,1358
180,n_Dodecane_Nano,N2,99.21,1.0,CCCCCCCCCCCC,0.05,430.0,Speceis,0.74,2.07,,Stanford,15.3,,CH,1545,,262
57,Lam_2013_thesis / Normal_Alkanes_and_Simple_Oxygenates,Ar,95.86,0.5,CCCCCCCCC,0.14,306.0,Species,4.0,1.67,±1,Stanford,14.13,±3,OH,1403,±0.7,190
395,Horning_2001_thesis / Autoignition_ n_Alkane,Ar,95.2,1.0,CCCCCCC,0.4,431.0,Species,4.4,4.22,,Stanford,15.3,±5,CH,1394,±1,227
407,n_Dodecane_Nano,N2,99.2,1.0,CCCCCCCCCCCC,0.05,430.0,Speceis,0.75,2.17,,Stanford,15.3,,CH,1607,,84
396,Lam_2013_thesis / Normal_Alkanes_and_Simple_Oxygenates,Ar,95.5,1.0,CCCCC,0.5,306.0,Species,4.0,3.41,±1,Stanford,14.13,±3,OH,1449,±0.7,162
174,n_Dodecane / Vasu_2010_thesis,N2,78.55,0.5,CCCCCCCCCCCC,0.57,306.0,Species,20.89,30.9,,Stanford,5.0,±5,OH,1117,±1,266
24,n_Alkane_Oxidation,Ar,99.63,1.0,CCCC,0.05,306.7,Speceis,0.33,2.06,,Stanford,8.9,±5,OH,1598,,144
90,n_Dodecane_Nano,N2,78.43,0.5,CCCCCCCCCCCC,0.57,430.0,Speceis,21.0,6.7,,Stanford,15.3,,CH,1224,,253
397,C1_C4_Alkanes,Ar,92.86,1.0,CCCC,0.95,430.0,Speceis,6.19,5.32,,Xi’an_Jiaotong,11.5,±2.36,CH,1477,±3,93
147,Autoignition_ n_Alkane / Horning_2001_thesis,Ar,92.5,1.0,CCCC,1.0,431.0,Speceis,6.5,1.2,±1,Stanford,15.3,±5,CH,1478,±1,171
19,Autoignition_ n_Alkane / Horning_2001_thesis,Ar,85.0,1.0,CCCC,2.0,431.0,Speceis,13.0,1.16,±1,Stanford,15.3,±5,CH,1517,±1,83
377,Lam_2013_thesis / Normal_Alkanes_and_Simple_Oxygenates,Ar,95.86,0.5,CCCCCCCCC,0.14,306.0,Species,4.0,1.92,±1,Stanford,14.13,±3,OH,1305,±0.7,536
371,Lam_2013_thesis / Normal_Alkanes_and_Simple_Oxygenates,Ar,95.5,1.0,CCCCC,0.5,306.0,Species,4.0,3.75,±1,Stanford,14.13,±3,OH,1261,±0.7,1455
187,Horning_2001_thesis / Autoignition_ n_Alkane,Ar,90.4,1.0,CCCCCCC,0.8,431.0,Species,8.8,1.17,,Stanford,15.3,±5,CH,1426,±1,208
82,Horning_2001_thesis / Autoignition_ n_Alkane,Ar,90.0,1.5,CCCCCCC,1.2,431.0,Species,8.8,1.23,,Stanford,15.3,±5,CH,1461,±1,189
52,blend_surrogate_fuels,N2,77.53,1.0,CCCCCCC,1.87,306.7,Species,20.6,60.6,,Stanford,5.0,,OH,926,±1.8,233
78,aerosol_shock_tube / aerosol_shock_tube_low pressure / Second_generation_confo / Second_Generation_shock_tube ,Ar,78.37,0.55,CCCCCCCCCCCC,0.63,430.0,Speceis,21.0,5.92,±9.3,Stanford,15.3,,CH,1345,±1,123
183,n_Dodecane / Vasu_2010_thesis,N2,96.3,0.5,CCCCCCCCCCCC,0.1,306.0,Species,3.6,16.07,,Stanford,5.0,±5,OH,1217,±1,508
94,n_Dodecane / Vasu_2010_thesis,N2,78.55,0.5,CCCCCCCCCCCC,0.57,306.0,Species,20.89,21.2,,Stanford,5.0,±5,OH,1163,±1,213
370,Lam_2013_thesis / Normal_Alkanes_and_Simple_Oxygenates,Ar,95.71,1.0,CCCCCCCCC,0.29,306.0,Species,4.0,3.46,±1,Stanford,14.13,±3,OH,1263,±0.7,1237
373,n_hexadecane / hexadecane_diesel/Haylett_2011_thesis,Ar,95.88,0.74,CCCCCCCCCCCCCCCC,0.12,431.0,Species,4.0,2.05,,Stanford,15.3,±2,CH,1183,±2,4264
375,n_Dodecane / Vasu_2010_thesis,N2,96.3,0.5,CCCCCCCCCCCC,0.1,306.0,Species,3.6,16.73,,Stanford,5.0,±5,OH,1230,±1,429
144,aerosol_shock_tube / aerosol_shock_tube_low pressure / Second_generation_confo / Second_Generation_shock_tube ,Ar,78.44,0.5,CCCCCCCCCCCC,0.56,430.0,Speceis,21.0,6.56,±9.3,Stanford,15.3,,CH,1053,±1,2105
368,aerosol_shock_tube / aerosol_shock_tube_low pressure / Second_generation_confo / Second_Generation_shock_tube ,Ar,78.51,0.43,CCCCCCCCCCCC,0.49,430.0,Speceis,21.0,8.63,±9.3,Stanford,15.3,,CH,1220,±1,292
195,Lam_2013_thesis / Normal_Alkanes_and_Simple_Oxygenates,Ar,95.58,1.0,CCCCCC,0.42,306.0,Species,4.0,3.6,±1,Stanford,14.13,±3,OH,1396,±0.7,301
150,aerosol_shock_tube / aerosol_shock_tube_low pressure / Second_generation_confo / Second_Generation_shock_tube ,Ar,78.81,0.16,CCCCCCCCCCCC,0.19,430.0,Speceis,21.0,4.64,±9.3,Stanford,15.3,,CH,1209,±1,926
126,aerosol_shock_tube / aerosol_shock_tube_low pressure / Second_generation_confo / Second_Generation_shock_tube ,Ar,78.5,0.44,CCCCCCCCCCCC,0.5,430.0,Speceis,21.0,6.32,±9.3,Stanford,15.3,,CH,1078,±1,1624
114,n_Dodecane / Vasu_2010_thesis,N2,78.11,1.0,CCCCCCCCCCCC,1.12,306.0,Species,20.77,18.7,,Stanford,5.0,±5,OH,1125,±1,188
12,Horning_2001_thesis / Autoignition_ n_Alkane,Ar,90.8,0.5,CCCCCCC,0.4,431.0,Species,8.8,1.23,,Stanford,15.3,±5,CH,1396,±1,161
87,aerosol_shock_tube / aerosol_shock_tube_low pressure / Second_generation_confo / Second_Generation_shock_tube ,Ar,78.42,0.51,CCCCCCCCCCCC,0.58,430.0,Speceis,21.0,6.07,±9.3,Stanford,15.3,,CH,1140,±1,820
16,blend_surrogate_fuels,N2,77.53,1.0,CCCCCCC,1.87,306.7,Species,20.6,19.92,,Stanford,5.0,,OH,850,±1.8,1653
369,C1_C4_Alkanes,Ar,92.86,1.0,CCCC,0.95,430.0,Speceis,6.19,5.5,,Xi’an_Jiaotong,11.5,±2.36,CH,1355,±3,322
161,Autoignition_ n_Alkane / Horning_2001_thesis,Ar,96.25,1.0,CCCC,0.5,431.0,Speceis,3.25,1.37,±1,Stanford,15.3,±5,CH,1546,±1,136
44,Horning_2001_thesis / Autoignition_ n_Alkane,Ar,90.8,0.5,CCCCCCC,0.4,431.0,Species,8.8,1.2,,Stanford,15.3,±5,CH,1455,±1,86
25,n_Alkane_Oxidation,Ar,99.64,1.0,CCCCCCC,0.03,306.7,Species,0.33,3.8,,Stanford,8.9,±5,OH,1649,,73
56,n_Dodecane_Nano,N2,78.61,0.34,CCCCCCCCCCCC,0.39,430.0,Speceis,21.0,7.53,,Stanford,15.3,,CH,1243,,130
32,Lam_2013_thesis / Normal_Alkanes_and_Simple_Oxygenates,Ar,95.79,0.5,CCCCCC,0.21,306.0,Species,4.0,1.69,±1,Stanford,14.13,±3,OH,1403,±0.7,196
112,n_Dodecane / Vasu_2010_thesis,N2,78.11,1.0,CCCCCCCCCCCC,1.12,306.0,Species,20.77,23.0,,Stanford,5.0,±5,OH,1109,±1,278
113,n_Dodecane_Nano,N2,99.21,1.0,CCCCCCCCCCCC,0.04,430.0,Speceis,0.75,2.25,,Stanford,15.3,,CH,1330,,1592
5,Horning_2001_thesis / Autoignition_ n_Alkane,Ar,96.7,1.0,CCCCCCCCCC,0.2,431.0,Species,3.1,1.23,,Stanford,15.3,±5,CH,1470, ±1.5,180
388,Autoignition_ n_Alkane / Horning_2001_thesis,Ar,95.75,2.0,CCCC,1.0,431.0,Speceis,3.25,1.08,±1,Stanford,15.3,±5,CH,1734,±1,105
366,Autoignition_ n_Alkane / Horning_2001_thesis,Ar,95.75,2.0,CCCC,1.0,431.0,Speceis,3.25,1.13,±1,Stanford,15.3,±5,CH,1577,±1,304
378,n_Dodecane / Vasu_2010_thesis,N2,96.3,0.5,CCCCCCCCCCCC,0.1,306.0,Species,3.6,15.19,,Stanford,5.0,±5,OH,1158,±1,1181
152,blend_surrogate_fuels,N2,77.53,1.0,CCCCCCC,1.87,306.7,Species,20.6,10.25,,Stanford,5.0,,OH,1299,±1.8,122
23,n_Alkane_Oxidation,Ar,99.58,1.2,CCCCCCCCCC,0.03,431.0,Species,0.39,2.25,,Stanford,8.9,±5,CH,1602, ±1.5,124
387,n_Dodecane_Nano,N2,99.21,1.0,CCCCCCCCCCCC,0.04,430.0,Speceis,0.75,2.33,,Stanford,15.3,,CH,1430,,349
42,n_Dodecane / Vasu_2010_thesis,N2,78.55,0.5,CCCCCCCCCCCC,0.57,306.0,Species,20.89,25.0,,Stanford,5.0,±5,OH,806,±1,1522
160,Horning_2001_thesis / Autoignition_ n_Alkane,Ar,96.7,1.0,CCCCCCCCCC,0.2,431.0,Species,3.1,1.24,,Stanford,15.3,±5,CH,1445, ±1.5,290
54,n_Dodecane_Nano,N2,99.21,1.0,CCCCCCCCCCCC,0.04,430.0,Speceis,0.75,2.13,,Stanford,15.3,,CH,1645,,91
84,n_Dodecane_Nano,N2,99.2,1.0,CCCCCCCCCCCC,0.05,430.0,Speceis,0.75,2.32,,Stanford,15.3,,CH,1381,,1020
36,blend_surrogate_fuels,N2,77.53,1.0,CCCCCCC,1.87,306.7,Species,20.6,20.0,,Stanford,5.0,,OH,806,±1.8,1377
182,Horning_2001_thesis / Autoignition_ n_Alkane,Ar,78.55,1.0,CCCCCCC,1.75,431.0,Species,19.7,1.16,,Stanford,15.3,±5,CH,1330,±1,382
31,n_Dodecane_Nano,N2,99.2,1.0,CCCCCCCCCCCC,0.05,430.0,Speceis,0.75,2.25,,Stanford,15.3,,CH,1477,,216
136,aerosol_shock_tube / aerosol_shock_tube_low pressure / Second_generation_confo / Second_Generation_shock_tube ,N2,78.31,0.61,CCCCCCCCCCCC,0.69,430.0,Speceis,21.0,8.5,±9.3,Stanford,15.3,,CH,1114,±1,640
142,Horning_2001_thesis / Autoignition_ n_Alkane,Ar,90.0,1.5,CCCCCCC,1.2,431.0,Species,8.8,1.29,,Stanford,15.3,±5,CH,1411,±1,311
164,Autoignition_ n_Alkane / Horning_2001_thesis,Ar,92.5,1.0,CCCC,1.0,431.0,Speceis,6.5,1.17,±1,Stanford,15.3,±5,CH,1409,±1,390
169,Horning_2001_thesis / Autoignition_ n_Alkane,Ar,95.2,1.0,CCCCCCC,0.4,431.0,Species,4.4,2.15,,Stanford,15.3,±5,CH,1434,±1,205
51,aerosol_shock_tube / aerosol_shock_tube_low pressure / Second_generation_confo / Second_Generation_shock_tube ,Ar,78.17,0.73,CCCCCCCCCCCC,0.83,430.0,Speceis,21.0,6.42,±9.3,Stanford,15.3,,CH,1284,±1,80
382,C1_C4_Alkanes,Ar,92.86,1.0,CCCC,0.95,430.0,Speceis,6.19,1.49,,Xi’an_Jiaotong,11.5,±2.36,CH,1386,±3,485
163,C1_C4_Alkanes,Ar,92.86,1.0,CCCC,0.95,430.0,Speceis,6.19,5.42,,Xi’an_Jiaotong,11.5,±2.36,CH,1543,±3,46
153,Horning_2001_thesis / Autoignition_ n_Alkane,Ar,92.2,2.0,CCCCCCC,1.2,431.0,Species,6.6,1.21,,Stanford,15.3,±5,CH,1516,±1,205
367,aerosol_shock_tube / aerosol_shock_tube_low pressure / Second_generation_confo / Second_Generation_shock_tube ,Ar,78.27,0.65,CCCCCCCCCCCC,0.73,430.0,Speceis,21.0,6.37,±9.3,Stanford,15.3,,CH,1168,±1,484
394,n_hexadecane / hexadecane_diesel/Haylett_2011_thesis,Ar,95.84,0.97,CCCCCCCCCCCCCCCC,0.16,431.0,Species,4.0,1.89,,Stanford,15.3,±2,CH,1285,±2,1386
17,blend_surrogate_fuels,N2,77.53,1.0,CCCCCCC,1.87,306.7,Species,20.6,60.0,,Stanford,5.0,,OH,923,±1.8,244
352,Autoignition_ n_Alkane / Horning_2001_thesis,Ar,95.75,2.0,CCCC,1.0,431.0,Speceis,3.25,1.07,±1,Stanford,15.3,±5,CH,1541,±1,441
197,n_Dodecane / Vasu_2010_thesis,N2,78.11,1.0,CCCCCCCCCCCC,1.12,306.0,Species,20.77,21.8,,Stanford,5.0,±5,OH,991,±1,645
157,Horning_2001_thesis / Autoignition_ n_Alkane,Ar,96.7,1.0,CCCCCCCCCC,0.2,431.0,Species,3.1,1.26,,Stanford,15.3,±5,CH,1397, ±1.5,480
96,aerosol_shock_tube / aerosol_shock_tube_low pressure / Second_generation_confo / Second_Generation_shock_tube ,Ar,78.45,0.48,CCCCCCCCCCCC,0.55,430.0,Speceis,21.0,5.69,±9.3,Stanford,15.3,,CH,1037,±1,2607
9,n_Alkane_Oxidation,Ar,99.15,0.7,CCCCCCCCCC,0.04,431.0,Species,0.81,1.61,,Stanford,8.9,±5,CH,1524, ±1.5,144
351,Lam_2013_thesis / Normal_Alkanes_and_Simple_Oxygenates,Ar,95.5,1.0,CCCCC,0.5,306.0,Species,4.0,3.61,±1,Stanford,14.13,±3,OH,1268,±0.7,1296
133,Lam_2013_thesis / Normal_Alkanes_and_Simple_Oxygenates,Ar,95.68,1.0,CCCCCCCC,0.32,306.0,Species,4.0,1.96,±1,Stanford,14.13,±3,OH,1385,±0.7,390
408,n_Dodecane / Vasu_2010_thesis,N2,78.11,1.0,CCCCCCCCCCCC,1.12,306.0,Species,20.77,22.5,,Stanford,5.0,±5,OH,869,±1,1040
26,Autoignition_ n_Alkane / Horning_2001_thesis,Ar,86.0,0.5,CCCC,1.0,431.0,Speceis,13.0,1.08,±1,Stanford,15.3,±5,CH,1422,±1,131
385,blend_surrogate_fuels,N2,77.53,1.0,CCCCCCC,1.87,306.7,Species,20.6,54.2,,Stanford,5.0,,OH,1023,±1.8,261
155,n_Dodecane_Nano,N2,99.2,1.0,CCCCCCCCCCCC,0.05,430.0,Speceis,0.75,2.26,,Stanford,15.3,,CH,1466,,438
138,aerosol_shock_tube / aerosol_shock_tube_low pressure / Second_generation_confo / Second_Generation_shock_tube ,N2,78.21,0.69,CCCCCCCCCCCC,0.79,430.0,Speceis,21.0,8.02,±9.3,Stanford,15.3,,CH,1084,±1,738
192,n_Dodecane / Vasu_2010_thesis,N2,78.55,0.5,CCCCCCCCCCCC,0.57,306.0,Species,20.89,20.1,,Stanford,5.0,±5,OH,1054,±1,788
159,blend_surrogate_fuels,N2,77.53,1.0,CCCCCCC,1.87,306.7,Species,20.6,50.0,,Stanford,5.0,,OH,1057,±1.8,194
53,Lam_2013_thesis / Normal_Alkanes_and_Simple_Oxygenates,Ar,95.75,0.5,CCCCC,0.25,306.0,Species,4.0,1.62,±1,Stanford,14.13,±3,OH,1428,±0.7,153
132,Lam_2013_thesis / Normal_Alkanes_and_Simple_Oxygenates,Ar,95.58,1.0,CCCCCC,0.42,306.0,Species,4.0,1.9,±1,Stanford,14.13,±3,OH,1353,±0.7,623
2,Horning_2001_thesis / Autoignition_ n_Alkane,Ar,95.2,1.0,CCCCCCC,0.4,431.0,Species,4.4,2.06,,Stanford,15.3,±5,CH,1503,±1,100
391,C1_C4_Alkanes,Ar,92.86,1.0,CCCC,0.95,430.0,Speceis,6.19,1.39,,Xi’an_Jiaotong,11.5,±2.36,CH,1332,±3,797
92,Lam_2013_thesis / Normal_Alkanes_and_Simple_Oxygenates,Ar,95.71,1.0,CCCCCCCCC,0.29,306.0,Species,4.0,1.91,±1,Stanford,14.13,±3,OH,1330,±0.7,780
354,Haylett_2011_thesis,N2,77.11,1.4,CCCCCCCCCC,1.9,430.0,Species,21.0,5.15, ±9.6,Stanford,15.3, ±9.6,CH,1154, ±2,921
379,Lam_2013_thesis / Normal_Alkanes_and_Simple_Oxygenates,Ar,95.71,1.0,CCCCCCCCC,0.29,306.0,Species,4.0,1.85,±1,Stanford,14.13,±3,OH,1307,±0.7,1002
140,Autoignition_ n_Alkane / Horning_2001_thesis,Ar,92.5,1.0,CCCC,1.0,431.0,Speceis,6.5,1.14,±1,Stanford,15.3,±5,CH,1447,±1,244
393,n_hexadecane / hexadecane_diesel/Haylett_2011_thesis,Ar,95.82,1.12,CCCCCCCCCCCCCCCC,0.18,431.0,Species,4.0,6.46,,Stanford,15.3,±2,CH,1327,±2,360
172,Autoignition_ n_Alkane / Horning_2001_thesis,Ar,92.5,1.0,CCCC,1.0,431.0,Speceis,6.5,1.19,±1,Stanford,15.3,±5,CH,1405,±1,415
37,n_Dodecane_Nano,N2,99.2,1.0,CCCCCCCCCCCC,0.05,430.0,Speceis,0.75,2.09,,Stanford,15.3,,CH,1612,,80
179,Autoignition_ n_Alkane / Horning_2001_thesis,Ar,92.5,1.0,CCCC,1.0,431.0,Speceis,6.5,3.81,±1,Stanford,15.3,±5,CH,1399,±1,243
193,aerosol_shock_tube / aerosol_shock_tube_low pressure / Second_generation_confo / Second_Generation_shock_tube ,Ar,78.54,0.4,CCCCCCCCCCCC,0.46,430.0,Speceis,21.0,5.78,±9.3,Stanford,15.3,,CH,1319,±1,181
376,Autoignition_ n_Alkane / Horning_2001_thesis,Ar,85.0,1.0,CCCC,2.0,431.0,Speceis,13.0,1.15,±1,Stanford,15.3,±5,CH,1434,±1,180
63,n_Dodecane_Nano,N2,78.43,0.5,CCCCCCCCCCCC,0.57,430.0,Speceis,21.0,6.7,,Stanford,15.3,,CH,1238,,109
85,Autoignition_ n_Alkane / Horning_2001_thesis,Ar,96.25,1.0,CCCC,0.5,431.0,Speceis,3.25,1.17,±1,Stanford,15.3,±5,CH,1561,±1,131
165,aerosol_shock_tube / aerosol_shock_tube_low pressure / Second_generation_confo / Second_Generation_shock_tube ,Ar,78.21,0.7,CCCCCCCCCCCC,0.79,430.0,Speceis,21.0,8.09,±9.3,Stanford,15.3,,CH,1117,±1,412
149,n_Dodecane_Nano,N2,78.43,0.5,CCCCCCCCCCCC,0.57,430.0,Speceis,21.0,6.7,,Stanford,15.3,,CH,1145,,605
177,n_Alkane_Oxidation,Ar,99.15,0.64,CCCCCCCCCC,0.03,431.0,Species,0.81,1.69,,Stanford,8.9,±5,CH,1327, ±1.5,1099
156,n_Alkane_Oxidation,Ar,96.7,1.0,CCCCCCCCCC,0.2,431.0,Species,3.1,2.28,,Stanford,8.9,±5,CH,1357, ±1.5,341
360,C1_C4_Alkanes,Ar,92.86,1.0,CCCC,0.95,430.0,Speceis,6.19,5.44,,Xi’an_Jiaotong,11.5,±2.36,CH,1230,±3,1457
400,Horning_2001_thesis / Autoignition_ n_Alkane,Ar,95.2,1.0,CCCCCCC,0.4,431.0,Species,4.4,5.71,,Stanford,15.3,±5,CH,1431,±1,120
361,Lam_2013_thesis / Normal_Alkanes_and_Simple_Oxygenates,Ar,95.58,1.0,CCCCCC,0.42,306.0,Species,4.0,3.1,±1,Stanford,14.13,±3,OH,1250,±0.7,1805
99,blend_surrogate_fuels,N2,77.53,1.0,CCCCCCC,1.87,306.7,Species,20.6,10.27,,Stanford,5.0,,OH,1344,±1.8,85
93,n_Dodecane / Vasu_2010_thesis,N2,78.11,1.0,CCCCCCCCCCCC,1.12,306.0,Species,20.77,22.3,,Stanford,5.0,±5,OH,1015,±1,508
18,Horning_2001_thesis / Autoignition_ n_Alkane,Ar,96.7,1.0,CCCCCCCCCC,0.2,431.0,Species,3.1,1.22,,Stanford,15.3,±5,CH,1516, ±1.5,124
62,aerosol_shock_tube / aerosol_shock_tube_low pressure / Second_generation_confo / Second_Generation_shock_tube ,Ar,76.86,1.88,CCCCCCCCCCCC,2.14,430.0,Speceis,21.0,5.04,±9.3,Stanford,15.3,,CH,979,±1,306
383,Autoignition_ n_Alkane / Horning_2001_thesis,Ar,92.5,1.0,CCCC,1.0,431.0,Speceis,6.5,1.99,±1,Stanford,15.3,±5,CH,1407,±1,297
115,n_Dodecane_Nano,N2,78.43,0.5,CCCCCCCCCCCC,0.57,430.0,Speceis,21.0,6.7,,Stanford,15.3,,CH,1141,,680
40,Horning_2001_thesis / Autoignition_ n_Alkane,Ar,95.24,0.9,CCCCCCC,0.36,431.0,Species,4.4,1.22,,Stanford,15.3,±5,CH,1492,±1,141
158,Horning_2001_thesis / Autoignition_ n_Alkane,Ar,96.7,1.0,CCCCCCCCCC,0.2,431.0,Species,3.1,1.23,,Stanford,15.3,±5,CH,1434, ±1.5,320
118,Horning_2001_thesis / Autoignition_ n_Alkane,Ar,95.2,1.0,CCCCCCC,0.4,431.0,Species,4.4,5.63,,Stanford,15.3,±5,CH,1400,±1,190
104,Horning_2001_thesis / Autoignition_ n_Alkane,Ar,78.55,1.0,CCCCCCC,1.75,431.0,Species,19.7,1.19,,Stanford,15.3,±5,CH,1329,±1,382
196,n_hexadecane / hexadecane_diesel/Haylett_2011_thesis,Ar,95.85,0.91,CCCCCCCCCCCCCCCC,0.15,431.0,Species,4.0,1.83,,Stanford,15.3,±2,CH,1247,±2,2060
175,blend_surrogate_fuels,N2,77.53,1.0,CCCCCCC,1.87,306.7,Species,20.6,1.89,,Stanford,5.0,,OH,1299,±1.8,311
364,Autoignition_ n_Alkane / Horning_2001_thesis,Ar,95.75,2.0,CCCC,1.0,431.0,Speceis,3.25,1.13,±1,Stanford,15.3,±5,CH,1618,±1,218
55,n_Dodecane_Nano,N2,99.2,1.0,CCCCCCCCCCCC,0.05,430.0,Speceis,0.75,2.24,,Stanford,15.3,,CH,1528,,116
50,Horning_2001_thesis / Autoignition_ n_Alkane,Ar,95.24,0.9,CCCCCCC,0.36,431.0,Species,4.4,1.25,,Stanford,15.3,±5,CH,1501,±1,125
358,n_Dodecane_Nano,N2,99.23,1.0,CCCCCCCCCCCC,0.04,430.0,Speceis,0.73,2.3,,Stanford,15.3,,CH,1394,,1463
381,Autoignition_ n_Alkane / Horning_2001_thesis,Ar,92.5,1.0,CCCC,1.0,431.0,Speceis,6.5,1.32,±1,Stanford,15.3,±5,CH,1483,±1,161
129,Autoignition_ n_Alkane / Horning_2001_thesis,Ar,85.0,1.0,CCCC,2.0,431.0,Speceis,13.0,1.15,±1,Stanford,15.3,±5,CH,1455,±1,149
168,n_Dodecane / Vasu_2010_thesis,N2,78.11,1.0,CCCCCCCCCCCC,1.12,306.0,Species,20.77,22.0,,Stanford,5.0,±5,OH,987,±1,699
80,Horning_2001_thesis / Autoignition_ n_Alkane,Ar,96.7,1.0,CCCCCCCCCC,0.2,431.0,Species,3.1,1.24,,Stanford,15.3,±5,CH,1456, ±1.5,235
49,n_Dodecane / Vasu_2010_thesis,N2,78.55,0.5,CCCCCCCCCCCC,0.57,306.0,Species,20.89,26.0,,Stanford,5.0,±5,OH,747,±1,2243
86,Horning_2001_thesis / Autoignition_ n_Alkane,Ar,97.4,2.0,CCCCCCC,0.4,431.0,Species,2.2,1.22,,Stanford,15.3,±5,CH,1676,±1,147
162,Horning_2001_thesis / Autoignition_ n_Alkane,Ar,85.6,1.0,CCCCCCC,1.2,431.0,Species,13.2,1.3,,Stanford,15.3,±5,CH,1335,±1,466
39,n_Dodecane / Vasu_2010_thesis,N2,78.11,1.0,CCCCCCCCCCCC,1.12,306.0,Species,20.77,23.3,,Stanford,5.0,±5,OH,822,±1,805
184,n_Dodecane_Nano,N2,78.43,0.5,CCCCCCCCCCCC,0.57,430.0,Speceis,21.0,6.7,,Stanford,15.3,,CH,1196,,229
363,n_heptane_oxidation,Ar,99.64,1.0,CCCCCCC,0.03,306.7,Species,0.33,2.86,±1,Stanford,15.3,,OH,1368,±1,1810
130,Horning_2001_thesis / Autoignition_ n_Alkane,Ar,90.0,1.5,CCCCCCC,1.2,431.0,Species,8.8,1.14,,Stanford,15.3,±5,CH,1465,±1,189
401,Autoignition_ n_Alkane / Horning_2001_thesis,Ar,86.0,0.5,CCCC,1.0,431.0,Speceis,13.0,1.12,±1,Stanford,15.3,±5,CH,1389,±1,204
1,n_Alkane_Oxidation,Ar,99.51,1.0,CCCCCCCCCC,0.03,431.0,Species,0.47,2.21,,Stanford,8.9,±5,CH,1525, ±1.5,154
191,Lam_2013_thesis / Normal_Alkanes_and_Simple_Oxygenates,Ar,95.58,1.0,CCCCCC,0.42,306.0,Species,4.0,1.86,±1,Stanford,14.13,±3,OH,1375,±0.7,483
372,C1_C4_Alkanes,Ar,92.86,1.0,CCCC,0.95,430.0,Speceis,6.19,1.25,,Xi’an_Jiaotong,11.5,±2.36,CH,1253,±3,1791
374,Lam_2013_thesis / Normal_Alkanes_and_Simple_Oxygenates,Ar,95.71,1.0,CCCCCCCCC,0.29,306.0,Species,4.0,3.45,±1,Stanford,14.13,±3,OH,1359,±0.7,349
83,Autoignition_ n_Alkane / Horning_2001_thesis,Ar,96.25,1.0,CCCC,0.5,431.0,Speceis,3.25,1.33,±1,Stanford,15.3,±5,CH,1532,±1,156
357,C1_C4_Alkanes,Ar,92.86,1.0,CCCC,0.95,430.0,Speceis,6.19,1.24,,Xi’an_Jiaotong,11.5,±2.36,CH,1250,±3,1898
137,Lam_2013_thesis / Normal_Alkanes_and_Simple_Oxygenates,Ar,95.58,1.0,CCCCCC,0.42,306.0,Species,4.0,1.76,±1,Stanford,14.13,±3,OH,1358,±0.7,688
35,n_Alkane_Oxidation,Ar,99.64,1.0,CCCCCCC,0.03,306.7,Species,0.33,3.75,,Stanford,8.9,±5,OH,1710,,49
365,n_hexadecane / hexadecane_diesel/Haylett_2011_thesis,Ar,98.97,0.76,CCCCCCCCCCCCCCCC,0.03,431.0,Species,1.0,4.44,,Stanford,15.3,±2,CH,1172,±2,4577
28,blend_surrogate_fuels,N2,77.53,1.0,CCCCCCC,1.87,306.7,Species,20.6,53.9,,Stanford,5.0,,OH,909,±1.8,254
34,n_Dodecane_Nano,N2,78.43,0.5,CCCCCCCCCCCC,0.57,430.0,Speceis,21.0,6.7,,Stanford,15.3,,CH,1249,,84
170,n_Dodecane_Nano,N2,99.19,1.0,CCCCCCCCCCCC,0.05,430.0,Speceis,0.76,2.28,,Stanford,15.3,,CH,1407,,791
89,C1_C4_Alkanes,Ar,92.86,1.0,CCCC,0.95,430.0,Speceis,6.19,5.3,,Xi’an_Jiaotong,11.5,±2.36,CH,1400,±3,199
392,Lam_2013_thesis / Normal_Alkanes_and_Simple_Oxygenates,Ar,95.86,0.5,CCCCCCCCC,0.14,306.0,Species,4.0,1.96,±1,Stanford,14.13,±3,OH,1284,±0.7,781
282,Lam_2013_thesis / Normal_Alkanes_and_Simple_Oxygenates,Ar,95.68,1.0,CCCCCCCC,0.32,306.0,Species,4.0,3.59,±1,Stanford,14.13,±3,OH,1421,±0.7,210
338,C1_C4_Alkanes,Ar,92.86,1.0,CCCC,0.95,430.0,Speceis,6.19,5.46,,Xi’an_Jiaotong,11.5,±2.36,CH,1281,±3,814
220,Horning_2001_thesis / Autoignition_ n_Alkane,Ar,95.2,1.0,CCCCCCC,0.4,431.0,Species,4.4,4.16,,Stanford,15.3,±5,CH,1413,±1,183
334,Lam_2013_thesis / Normal_Alkanes_and_Simple_Oxygenates,Ar,95.68,1.0,CCCCCCCC,0.32,306.0,Species,4.0,3.37,±1,Stanford,14.13,±3,OH,1282,±0.7,1020
312,n_hexadecane / hexadecane_diesel/Haylett_2011_thesis,Ar,95.91,0.56,CCCCCCCCCCCCCCCC,0.09,431.0,Species,4.0,1.91,,Stanford,15.3,±2,CH,1212,±2,2270
337,Lam_2013_thesis / Normal_Alkanes_and_Simple_Oxygenates,Ar,95.68,1.0,CCCCCCCC,0.32,306.0,Species,4.0,3.75,±1,Stanford,14.13,±3,OH,1319,±0.7,614
264,aerosol_shock_tube / aerosol_shock_tube_low pressure / Second_generation_confo / Second_Generation_shock_tube ,Ar,77.83,1.03,CCCCCCCCCCCC,1.17,430.0,Speceis,21.0,7.0,±9.3,Stanford,15.3,,CH,940,±1,2599
248,n_Dodecane / Vasu_2010_thesis,N2,78.11,1.0,CCCCCCCCCCCC,1.12,306.0,Species,20.77,20.8,,Stanford,5.0,±5,OH,1102,±1,268
215,Autoignition_ n_Alkane / Horning_2001_thesis,Ar,96.25,1.0,CCCC,0.5,431.0,Speceis,3.25,1.2,±1,Stanford,15.3,±5,CH,1478,±1,275
81,Lam_2013_thesis / Normal_Alkanes_and_Simple_Oxygenates,Ar,95.75,0.5,CCCCC,0.25,306.0,Species,4.0,1.73,±1,Stanford,14.13,±3,OH,1263,±0.7,1391
74,n_Dodecane / Vasu_2010_thesis,N2,96.18,0.5,CCCCCCCCCCCC,0.1,306.0,Species,3.73,15.93,,Stanford,5.0,±5,OH,1179,±1,847
289,Lam_2013_thesis / Normal_Alkanes_and_Simple_Oxygenates,Ar,95.79,0.5,CCCCCC,0.21,306.0,Species,4.0,1.76,±1,Stanford,14.13,±3,OH,1274,±0.7,1225
76,Horning_2001_thesis / Autoignition_ n_Alkane,Ar,90.8,0.5,CCCCCCC,0.4,431.0,Species,8.8,1.34,,Stanford,15.3,±5,CH,1345,±1,305
321,Autoignition_ n_Alkane / Horning_2001_thesis,Ar,92.5,1.0,CCCC,1.0,431.0,Speceis,6.5,1.97,±1,Stanford,15.3,±5,CH,1468,±1,150
318,n_Dodecane_Nano,N2,99.2,1.0,CCCCCCCCCCCC,0.05,430.0,Speceis,0.75,2.34,,Stanford,15.3,,CH,1387,,1197
67,aerosol_shock_tube / aerosol_shock_tube_low pressure / Second_generation_confo / Second_Generation_shock_tube ,Ar,78.48,0.45,CCCCCCCCCCCC,0.52,430.0,Speceis,21.0,6.4,±9.3,Stanford,15.3,,CH,1068,±1,2126
6,Horning_2001_thesis / Autoignition_ n_Alkane,Ar,90.8,0.5,CCCCCCC,0.4,431.0,Species,8.8,1.21,,Stanford,15.3,±5,CH,1432,±1,110
228,blend_surrogate_fuels,N2,77.53,1.0,CCCCCCC,1.87,306.7,Species,20.6,19.87,,Stanford,5.0,,OH,906,±1.8,1836
268,Autoignition_ n_Alkane / Horning_2001_thesis,Ar,92.5,1.0,CCCC,1.0,431.0,Speceis,6.5,1.14,±1,Stanford,15.3,±5,CH,1499,±1,151
214,n_heptane_methylcyclohexane,Ar,97.7,0.5,CCCCCCC,0.1,306.7,Species,2.2,15.81,,Stanford,7.5,,OH,1230,±1,698
320,n_hexadecane / hexadecane_diesel/Haylett_2011_thesis,Ar,95.91,0.56,CCCCCCCCCCCCCCCC,0.09,431.0,Species,4.0,2.06,,Stanford,15.3,±2,CH,1159,±2,3870
313,n_Dodecane_Nano,N2,99.21,1.0,CCCCCCCCCCCC,0.04,430.0,Speceis,0.75,2.41,,Stanford,15.3,,CH,1403,,586
277,aerosol_shock_tube / aerosol_shock_tube_low pressure / Second_generation_confo / Second_Generation_shock_tube ,Ar,77.83,1.03,CCCCCCCCCCCC,1.17,430.0,Speceis,21.0,6.57,±9.3,Stanford,15.3,,CH,958,±1,2041
216,aerosol_shock_tube / aerosol_shock_tube_low pressure / Second_generation_confo / Second_Generation_shock_tube ,Ar,78.0,0.88,CCCCCCCCCCCC,1.0,430.0,Speceis,21.0,6.25,±9.3,Stanford,15.3,,CH,921,±1,5556
243,blend_surrogate_fuels,N2,77.53,1.0,CCCCCCC,1.87,306.7,Species,20.6,57.7,,Stanford,5.0,,OH,1007,±1.8,232
306,n_Dodecane / Vasu_2010_thesis,N2,98.04,0.5,CCCCCCCCCCCC,0.05,306.0,Species,1.91,15.08,,Stanford,5.0,±5,OH,1252,±1,713
283,aerosol_shock_tube / aerosol_shock_tube_low pressure / Second_generation_confo / Second_Generation_shock_tube ,Ar,78.04,0.85,CCCCCCCCCCCC,0.96,430.0,Speceis,21.0,4.36,±9.3,Stanford,15.3,,CH,1019,±1,1828
21,Horning_2001_thesis / Autoignition_ n_Alkane,Ar,94.8,0.9,CCCCCCC,0.4,431.0,Species,4.8,1.23,,Stanford,15.3,±5,CH,1491,±1,137
245,n_hexadecane / hexadecane_diesel/Haylett_2011_thesis,Ar,95.87,0.77,CCCCCCCCCCCCCCCC,0.13,431.0,Species,4.0,1.86,,Stanford,15.3,±2,CH,1231,±2,2137
234,blend_surrogate_fuels,N2,77.53,1.0,CCCCCCC,1.87,306.7,Species,20.6,10.62,,Stanford,5.0,,OH,1305,±1.8,117
251,n_Dodecane / Vasu_2010_thesis,N2,78.11,1.0,CCCCCCCCCCCC,1.12,306.0,Species,20.77,21.0,,Stanford,5.0,±5,OH,942,±1,1116
244,Lam_2013_thesis / Normal_Alkanes_and_Simple_Oxygenates,Ar,95.58,1.0,CCCCCC,0.42,306.0,Species,4.0,3.48,±1,Stanford,14.13,±3,OH,1386,±0.7,291
240,n_heptane_oxidation,Ar,99.64,1.0,CCCCCCC,0.03,306.7,Species,0.33,2.33,±1,Stanford,15.3,,OH,1378,±1,1330
199,aerosol_shock_tube / aerosol_shock_tube_low pressure / Second_generation_confo / Second_Generation_shock_tube ,N2,78.32,0.6,CCCCCCCCCCCC,0.68,430.0,Speceis,21.0,6.12,±9.3,Stanford,15.3,,CH,1127,±1,797
259,Lam_2013_thesis / Normal_Alkanes_and_Simple_Oxygenates,Ar,95.58,1.0,CCCCCC,0.42,306.0,Species,4.0,1.77,±1,Stanford,14.13,±3,OH,1470,±0.7,176
280,Lam_2013_thesis / Normal_Alkanes_and_Simple_Oxygenates,Ar,95.5,1.0,CCCCC,0.5,306.0,Species,4.0,1.91,±1,Stanford,14.13,±3,OH,1360,±0.7,603
297,Horning_2001_thesis / Autoignition_ n_Alkane,Ar,95.2,1.0,CCCCCCC,0.4,431.0,Species,4.4,5.57,,Stanford,15.3,±5,CH,1372,±1,279
288,n_Dodecane / Vasu_2010_thesis,N2,98.04,0.5,CCCCCCCCCCCC,0.05,306.0,Species,1.91,15.52,,Stanford,5.0,±5,OH,1322,±1,293
298,n_Dodecane / Vasu_2010_thesis,N2,78.11,1.0,CCCCCCCCCCCC,1.12,306.0,Species,20.77,23.3,,Stanford,5.0,±5,OH,1107,±1,298
204,Horning_2001_thesis / Autoignition_ n_Alkane,Ar,90.4,1.0,CCCCCCC,0.8,431.0,Species,8.8,1.15,,Stanford,15.3,±5,CH,1378,±1,385
198,Horning_2001_thesis / Autoignition_ n_Alkane,Ar,97.6,1.0,CCCCCCC,0.2,431.0,Species,2.2,2.13,,Stanford,15.3,±5,CH,1468,±1,216
272,Horning_2001_thesis / Autoignition_ n_Alkane,Ar,90.0,1.5,CCCCCCC,1.2,431.0,Species,8.8,1.27,,Stanford,15.3,±5,CH,1409,±1,321
293,n_Dodecane / Vasu_2010_thesis,N2,96.18,0.5,CCCCCCCCCCCC,0.1,306.0,Species,3.73,16.13,,Stanford,5.0,±5,OH,1211,±1,534
350,Lam_2013_thesis / Normal_Alkanes_and_Simple_Oxygenates,Ar,95.5,1.0,CCCCC,0.5,306.0,Species,4.0,1.95,±1,Stanford,14.13,±3,OH,1304,±0.7,1227
202,n_Dodecane / Vasu_2010_thesis,N2,78.55,0.5,CCCCCCCCCCCC,0.57,306.0,Species,20.89,18.9,,Stanford,5.0,±5,OH,1049,±1,839
295,Lam_2013_thesis / Normal_Alkanes_and_Simple_Oxygenates,Ar,95.84,0.5,CCCCCCCC,0.16,306.0,Species,4.0,2.19,±1,Stanford,14.13,±3,OH,1252,±0.7,1269
270,Lam_2013_thesis / Normal_Alkanes_and_Simple_Oxygenates,Ar,95.86,0.5,CCCCCCCCC,0.14,306.0,Species,4.0,1.75,±1,Stanford,14.13,±3,OH,1331,±0.7,421
296,aerosol_shock_tube / aerosol_shock_tube_low pressure / Second_generation_confo / Second_Generation_shock_tube ,N2,78.05,0.84,CCCCCCCCCCCC,0.95,430.0,Speceis,21.0,8.53,±9.3,Stanford,15.3,,CH,1179,±1,220
307,n_Dodecane / Vasu_2010_thesis,N2,97.14,0.5,CCCCCCCCCCCC,0.08,306.0,Species,2.79,15.45,,Stanford,5.0,±5,OH,1221,±1,685
278,aerosol_shock_tube / aerosol_shock_tube_low pressure / Second_generation_confo / Second_Generation_shock_tube ,Ar,78.26,0.65,CCCCCCCCCCCC,0.74,430.0,Speceis,21.0,4.68,±9.3,Stanford,15.3,,CH,1003,±1,4081
349,Lam_2013_thesis / Normal_Alkanes_and_Simple_Oxygenates,Ar,95.71,1.0,CCCCCCCCC,0.29,306.0,Species,4.0,1.68,±1,Stanford,14.13,±3,OH,1288,±0.7,1351
346,Horning_2001_thesis / Autoignition_ n_Alkane,Ar,92.2,2.0,CCCCCCC,1.2,431.0,Species,6.6,1.2,,Stanford,15.3,±5,CH,1456,±1,361
206,Lam_2013_thesis / Normal_Alkanes_and_Simple_Oxygenates,Ar,95.68,1.0,CCCCCCCC,0.32,306.0,Species,4.0,1.95,±1,Stanford,14.13,±3,OH,1325,±0.7,859
15,Lam_2013_thesis / Normal_Alkanes_and_Simple_Oxygenates,Ar,95.84,0.5,CCCCCCCC,0.16,306.0,Species,4.0,1.91,±1,Stanford,14.13,±3,OH,1434,±0.7,104
69,Horning_2001_thesis / Autoignition_ n_Alkane,Ar,85.6,1.0,CCCCCCC,1.2,431.0,Species,13.2,1.19,,Stanford,15.3,±5,CH,1421,±1,163
11,aerosol_shock_tube / aerosol_shock_tube_low pressure / Second_generation_confo / Second_Generation_shock_tube ,Ar,78.24,0.67,CCCCCCCCCCCC,0.76,430.0,Speceis,21.0,6.23,±9.3,Stanford,15.3,,CH,1249,±1,114
239,Lam_2013_thesis / Normal_Alkanes_and_Simple_Oxygenates,Ar,95.71,1.0,CCCCCCCCC,0.29,306.0,Species,4.0,3.63,±1,Stanford,14.13,±3,OH,1348,±0.7,405
217,aerosol_shock_tube / aerosol_shock_tube_low pressure / Second_generation_confo / Second_Generation_shock_tube ,Ar,78.43,0.51,CCCCCCCCCCCC,0.57,430.0,Speceis,21.0,5.76,±9.3,Stanford,15.3,,CH,1049,±1,2581
274,aerosol_shock_tube / aerosol_shock_tube_low pressure / Second_generation_confo / Second_Generation_shock_tube ,Ar,78.81,0.17,CCCCCCCCCCCC,0.19,430.0,Speceis,21.0,5.65,±9.3,Stanford,15.3,,CH,1112,±1,2281
335,n_hexadecane / hexadecane_diesel/Haylett_2011_thesis,Ar,98.97,0.8,CCCCCCCCCCCCCCCC,0.03,431.0,Species,1.0,4.6,,Stanford,15.3,±2,CH,1170,±2,5022
72,Lam_2013_thesis / Normal_Alkanes_and_Simple_Oxygenates,Ar,95.5,1.0,CCCCC,0.5,306.0,Species,4.0,1.74,±1,Stanford,14.13,±3,OH,1489,±0.7,145
209,n_heptane_methylcyclohexane,Ar,97.7,0.5,CCCCCCC,0.1,306.7,Species,2.2,15.0,,Stanford,7.5,,OH,1271,±1,377
200,n_Dodecane / Vasu_2010_thesis,N2,78.11,1.0,CCCCCCCCCCCC,1.12,306.0,Species,20.77,22.9,,Stanford,5.0,±5,OH,978,±1,912
227,Lam_2013_thesis / Normal_Alkanes_and_Simple_Oxygenates,Ar,95.68,1.0,CCCCCCCC,0.32,306.0,Species,4.0,3.63,±1,Stanford,14.13,±3,OH,1384,±0.7,285
223,n_Dodecane_Nano,N2,78.79,0.18,CCCCCCCCCCCC,0.21,430.0,Speceis,21.0,7.1,,Stanford,15.3,,CH,1187,,793
48,Lam_2013_thesis / Normal_Alkanes_and_Simple_Oxygenates,Ar,95.84,0.5,CCCCCCCC,0.16,306.0,Species,4.0,2.01,±1,Stanford,14.13,±3,OH,1380,±0.7,220
275,aerosol_shock_tube / aerosol_shock_tube_low pressure / Second_generation_confo / Second_Generation_shock_tube ,Ar,78.29,0.62,CCCCCCCCCCCC,0.71,430.0,Speceis,21.0,5.33,±9.3,Stanford,15.3,,CH,1172,±1,663
218,Horning_2001_thesis / Autoignition_ n_Alkane,Ar,95.2,1.0,CCCCCCC,0.4,431.0,Species,4.4,1.23,,Stanford,15.3,±5,CH,1486,±1,159
322,Horning_2001_thesis / Autoignition_ n_Alkane,Ar,95.2,1.0,CCCCCCC,0.4,431.0,Species,4.4,5.65,,Stanford,15.3,±5,CH,1442,±1,117
291,Autoignition_ n_Alkane / Horning_2001_thesis,Ar,92.5,1.0,CCCC,1.0,431.0,Speceis,6.5,1.18,±1,Stanford,15.3,±5,CH,1405,±1,420
46,Horning_2001_thesis / Autoignition_ n_Alkane,Ar,85.6,1.0,CCCCCCC,1.2,431.0,Species,13.2,1.22,,Stanford,15.3,±5,CH,1455,±1,115
309,Horning_2001_thesis / Autoignition_ n_Alkane,Ar,95.2,1.0,CCCCCCC,0.4,431.0,Species,4.4,1.27,,Stanford,15.3,±5,CH,1458,±1,208
302,n_Dodecane / Vasu_2010_thesis,N2,78.55,0.5,CCCCCCCCCCCC,0.57,306.0,Species,20.89,19.6,,Stanford,5.0,±5,OH,1087,±1,527
123,blend_surrogate_fuels,N2,77.53,1.0,CCCCCCC,1.87,306.7,Species,20.6,53.1,,Stanford,5.0,,OH,1063,±1.8,179
257,aerosol_shock_tube / aerosol_shock_tube_low pressure / Second_generation_confo / Second_Generation_shock_tube ,Ar,78.17,0.73,CCCCCCCCCCCC,0.83,430.0,Speceis,21.0,4.43,±9.3,Stanford,15.3,,CH,1035,±1,1803
261,blend_surrogate_fuels,N2,77.53,1.0,CCCCCCC,1.87,306.7,Species,20.6,1.97,,Stanford,5.0,,OH,1249,±1.8,298
250,Lam_2013_thesis / Normal_Alkanes_and_Simple_Oxygenates,Ar,95.86,0.5,CCCCCCCCC,0.14,306.0,Species,4.0,1.81,±1,Stanford,14.13,±3,OH,1299,±0.7,730
101,aerosol_shock_tube / aerosol_shock_tube_low pressure / Second_generation_confo / Second_Generation_shock_tube ,Ar,77.71,1.14,CCCCCCCCCCCC,1.29,430.0,Speceis,21.0,5.82,±9.3,Stanford,15.3,,CH,964,±1,1175
79,Lam_2013_thesis / Normal_Alkanes_and_Simple_Oxygenates,Ar,95.71,1.0,CCCCCCCCC,0.29,306.0,Species,4.0,1.8,±1,Stanford,14.13,±3,OH,1384,±0.7,382
301,aerosol_shock_tube / aerosol_shock_tube_low pressure / Second_generation_confo / Second_Generation_shock_tube ,Ar,78.07,0.82,CCCCCCCCCCCC,0.93,430.0,Speceis,21.0,5.0,±9.3,Stanford,15.3,,CH,903,±1,7825
271,Horning_2001_thesis / Autoignition_ n_Alkane,Ar,95.2,1.0,CCCCCCC,0.4,431.0,Species,4.4,5.41,,Stanford,15.3,±5,CH,1419,±1,158
339,Autoignition_ n_Alkane / Horning_2001_thesis,Ar,95.75,2.0,CCCC,1.0,431.0,Speceis,3.25,1.06,±1,Stanford,15.3,±5,CH,1627,±1,220
267,iso_octane_heptane,Ar,99.4,1.0,CCCCCCC,0.05,216.0,Species,0.55,1.67,,Stanford,15.3,,CH3,1461,±1,366
292,n_Dodecane / Vasu_2010_thesis,N2,78.11,1.0,CCCCCCCCCCCC,1.12,306.0,Species,20.77,22.1,,Stanford,5.0,±5,OH,1036,±1,432
225,n_Dodecane / Vasu_2010_thesis,N2,96.3,0.5,CCCCCCCCCCCC,0.1,306.0,Species,3.6,15.38,,Stanford,5.0,±5,OH,1186,±1,822
230,blend_surrogate_fuels,N2,77.53,1.0,CCCCCCC,1.87,306.7,Species,20.6,1.85,,Stanford,5.0,,OH,1358,±1.8,152
269,blend_surrogate_fuels,N2,77.53,1.0,CCCCCCC,1.87,306.7,Species,20.6,53.6,,Stanford,5.0,,OH,1013,±1.8,292
281,blend_surrogate_fuels,N2,77.53,1.0,CCCCCCC,1.87,306.7,Species,20.6,11.24,,Stanford,5.0,,OH,1236,±1.8,207
122,n_Dodecane / Vasu_2010_thesis,N2,78.55,0.5,CCCCCCCCCCCC,0.57,306.0,Species,20.89,18.4,,Stanford,5.0,±5,OH,1082,±1,566
258,aerosol_shock_tube / aerosol_shock_tube_low pressure / Second_generation_confo / Second_Generation_shock_tube ,N2,78.06,0.82,CCCCCCCCCCCC,0.94,430.0,Speceis,21.0,7.88,±9.3,Stanford,15.3,,CH,1050,±1,1034
247,blend_surrogate_fuels,N2,77.53,1.0,CCCCCCC,1.87,306.7,Species,20.6,52.3,,Stanford,5.0,,OH,1115,±1.8,102
319,Horning_2001_thesis / Autoignition_ n_Alkane,Ar,97.6,1.0,CCCCCCC,0.2,431.0,Species,2.2,2.15,,Stanford,15.3,±5,CH,1432,±1,345
330,Lam_2013_thesis / Normal_Alkanes_and_Simple_Oxygenates,Ar,95.68,1.0,CCCCCCCC,0.32,306.0,Species,4.0,3.81,±1,Stanford,14.13,±3,OH,1273,±0.7,1064
226,aerosol_shock_tube / aerosol_shock_tube_low pressure / Second_generation_confo / Second_Generation_shock_tube ,Ar,78.45,0.49,CCCCCCCCCCCC,0.55,430.0,Speceis,21.0,6.25,±9.3,Stanford,15.3,,CH,1107,±1,1200
328,n_heptane_oxidation,Ar,99.64,1.0,CCCCCCC,0.03,306.7,Species,0.33,2.16,±1,Stanford,15.3,,OH,1494,±1,1330
236,n_Dodecane / Vasu_2010_thesis,N2,96.2,0.5,CCCCCCCCCCCC,0.1,306.0,Species,3.7,16.57,,Stanford,5.0,±5,OH,1280,±1,195
70,n_Dodecane / Vasu_2010_thesis,N2,78.11,1.0,CCCCCCCCCCCC,1.12,306.0,Species,20.77,33.7,,Stanford,5.0,±5,OH,1118,±1,183
219,aerosol_shock_tube / aerosol_shock_tube_low pressure / Second_generation_confo / Second_Generation_shock_tube ,Ar,77.5,1.32,CCCCCCCCCCCC,1.5,430.0,Speceis,21.0,6.26,±9.3,Stanford,15.3,,CH,838,±1,5352
279,aerosol_shock_tube / aerosol_shock_tube_low pressure / Second_generation_confo / Second_Generation_shock_tube ,Ar,77.84,1.02,CCCCCCCCCCCC,1.16,430.0,Speceis,21.0,5.05,±9.3,Stanford,15.3,,CH,954,±1,4169
97,Horning_2001_thesis / Autoignition_ n_Alkane,Ar,94.8,0.9,CCCCCCC,0.4,431.0,Species,4.8,1.18,,Stanford,15.3,±5,CH,1381,±1,488
121,aerosol_shock_tube / aerosol_shock_tube_low pressure / Second_generation_confo / Second_Generation_shock_tube ,Ar,78.43,0.5,CCCCCCCCCCCC,0.57,430.0,Speceis,21.0,6.32,±9.3,Stanford,15.3,,CH,1086,±1,1422
232,n_Dodecane / Vasu_2010_thesis,N2,78.11,1.0,CCCCCCCCCCCC,1.12,306.0,Species,20.77,19.8,,Stanford,5.0,±5,OH,957,±1,1064
88,Autoignition_ n_Alkane / Horning_2001_thesis,Ar,85.0,1.0,CCCC,2.0,431.0,Speceis,13.0,1.17,±1,Stanford,15.3,±5,CH,1432,±1,179
344,aerosol_shock_tube / aerosol_shock_tube_low pressure / Second_generation_confo / Second_Generation_shock_tube ,Ar,78.39,0.54,CCCCCCCCCCCC,0.61,430.0,Speceis,21.0,6.71,±9.3,Stanford,15.3,,CH,1045,±1,2753
316,C1_C4_Alkanes,Ar,92.86,1.0,CCCC,0.95,430.0,Speceis,6.19,1.23,,Xi’an_Jiaotong,11.5,±2.36,CH,1511,±3,155
231,aerosol_shock_tube / aerosol_shock_tube_low pressure / Second_generation_confo / Second_Generation_shock_tube ,Ar,78.65,0.31,CCCCCCCCCCCC,0.35,430.0,Speceis,21.0,4.79,±9.3,Stanford,15.3,,CH,1241,±1,337
29,aerosol_shock_tube / aerosol_shock_tube_low pressure / Second_generation_confo / Second_Generation_shock_tube ,Ar,77.2,1.59,CCCCCCCCCCCC,1.8,430.0,Speceis,21.0,6.31,±9.3,Stanford,15.3,,CH,939,±1,544
323,aerosol_shock_tube / aerosol_shock_tube_low pressure / Second_generation_confo / Second_Generation_shock_tube ,Ar,78.32,0.6,CCCCCCCCCCCC,0.68,430.0,Speceis,21.0,4.23,±9.3,Stanford,15.3,,CH,993,±1,5732
212,Autoignition_ n_Alkane / Horning_2001_thesis,Ar,92.5,1.0,CCCC,1.0,431.0,Speceis,6.5,3.8,±1,Stanford,15.3,±5,CH,1415,±1,189
333,n_hexadecane / hexadecane_diesel/Haylett_2011_thesis,Ar,95.84,0.96,CCCCCCCCCCCCCCCC,0.16,431.0,Species,4.0,2.03,,Stanford,15.3,±2,CH,1177,±2,4778
222,n_Alkane_Oxidation,Ar,96.7,1.0,CCCCCCCCCC,0.2,431.0,Species,3.1,2.2,,Stanford,8.9,±5,CH,1404, ±1.5,238
315,n_Dodecane_Nano,N2,99.17,1.0,CCCCCCCCCCCC,0.05,430.0,Speceis,0.78,2.25,,Stanford,15.3,,CH,1553,,276
304,n_Dodecane_Nano,N2,99.2,1.0,CCCCCCCCCCCC,0.05,430.0,Speceis,0.75,2.37,,Stanford,15.3,,CH,1406,,571
43,Horning_2001_thesis / Autoignition_ n_Alkane,Ar,90.8,0.5,CCCCCCC,0.4,431.0,Species,8.8,1.32,,Stanford,15.3,±5,CH,1413,±1,121
235,Autoignition_ n_Alkane / Horning_2001_thesis,Ar,92.5,1.0,CCCC,1.0,431.0,Speceis,6.5,2.03,±1,Stanford,15.3,±5,CH,1400,±1,335
273,n_Dodecane / Vasu_2010_thesis,N2,78.55,0.5,CCCCCCCCCCCC,0.57,306.0,Species,20.89,21.0,,Stanford,5.0,±5,OH,1149,±1,261
119,Horning_2001_thesis / Autoignition_ n_Alkane,Ar,97.6,1.0,CCCCCCC,0.2,431.0,Species,2.2,2.08,,Stanford,15.3,±5,CH,1501,±1,150
276,Lam_2013_thesis / Normal_Alkanes_and_Simple_Oxygenates,Ar,95.58,1.0,CCCCCC,0.42,306.0,Species,4.0,3.43,±1,Stanford,14.13,±3,OH,1407,±0.7,263
311,n_Dodecane_Nano,N2,78.43,0.5,CCCCCCCCCCCC,0.57,430.0,Speceis,21.0,6.7,,Stanford,15.3,,CH,1126,,1069
266,Autoignition_ n_Alkane / Horning_2001_thesis,Ar,92.5,1.0,CCCC,1.0,431.0,Speceis,6.5,2.0,±1,Stanford,15.3,±5,CH,1454,±1,170
7,Lam_2013_thesis / Normal_Alkanes_and_Simple_Oxygenates,Ar,95.86,0.5,CCCCCCCCC,0.14,306.0,Species,4.0,1.82,±1,Stanford,14.13,±3,OH,1470,±0.7,93
308,Horning_2001_thesis / Autoignition_ n_Alkane,Ar,97.4,2.0,CCCCCCC,0.4,431.0,Species,2.2,1.22,,Stanford,15.3,±5,CH,1619,±1,210
253,aerosol_shock_tube / aerosol_shock_tube_low pressure / Second_generation_confo / Second_Generation_shock_tube ,Ar,78.13,0.77,CCCCCCCCCCCC,0.88,430.0,Speceis,21.0,4.57,±9.3,Stanford,15.3,,CH,1192,±1,246
286,blend_surrogate_fuels,N2,77.53,1.0,CCCCCCC,1.87,306.7,Species,20.6,1.99,,Stanford,5.0,,OH,1378,±1.8,117
233,aerosol_shock_tube / aerosol_shock_tube_low pressure / Second_generation_confo / Second_Generation_shock_tube ,Ar,77.77,1.08,CCCCCCCCCCCC,1.23,430.0,Speceis,21.0,4.86,±9.3,Stanford,15.3,,CH,921,±1,6085
294,Horning_2001_thesis / Autoignition_ n_Alkane,Ar,94.8,0.9,CCCCCCC,0.4,431.0,Species,4.8,1.15,,Stanford,15.3,±5,CH,1446,±1,234
299,n_Dodecane / Vasu_2010_thesis,N2,78.11,1.0,CCCCCCCCCCCC,1.12,306.0,Species,20.77,20.0,,Stanford,5.0,±5,OH,953,±1,1141
208,n_Dodecane / Vasu_2010_thesis,N2,78.55,0.5,CCCCCCCCCCCC,0.57,306.0,Species,20.89,20.3,,Stanford,5.0,±5,OH,1118,±1,346
287,aerosol_shock_tube / aerosol_shock_tube_low pressure / Second_generation_confo / Second_Generation_shock_tube ,Ar,78.75,0.22,CCCCCCCCCCCC,0.25,430.0,Speceis,21.0,4.93,±9.3,Stanford,15.3,,CH,1163,±1,1800
237,aerosol_shock_tube / aerosol_shock_tube_low pressure / Second_generation_confo / Second_Generation_shock_tube ,Ar,78.41,0.52,CCCCCCCCCCCC,0.59,430.0,Speceis,21.0,6.4,±9.3,Stanford,15.3,,CH,1191,±1,550
326,Lam_2013_thesis / Normal_Alkanes_and_Simple_Oxygenates,Ar,95.68,1.0,CCCCCCCC,0.32,306.0,Species,4.0,2.05,±1,Stanford,14.13,±3,OH,1265,±0.7,1569
60,n_Alkane_Oxidation,Ar,99.51,1.0,CCCCCCCCCC,0.03,431.0,Species,0.47,2.12,,Stanford,8.9,±5,CH,1574, ±1.5,119
116,n_Dodecane / Vasu_2010_thesis,N2,96.3,0.5,CCCCCCCCCCCC,0.1,306.0,Species,3.6,15.77,,Stanford,5.0,±5,OH,1196,±1,701
329,Lam_2013_thesis / Normal_Alkanes_and_Simple_Oxygenates,Ar,95.5,1.0,CCCCC,0.5,306.0,Species,4.0,2.0,±1,Stanford,14.13,±3,OH,1267,±0.7,1845
255,blend_surrogate_fuels,N2,77.53,1.0,CCCCCCC,1.87,306.7,Species,20.6,18.13,,Stanford,5.0,,OH,1012,±1.8,944
343,Lam_2013_thesis / Normal_Alkanes_and_Simple_Oxygenates,Ar,95.58,1.0,CCCCCC,0.42,306.0,Species,4.0,3.32,±1,Stanford,14.13,±3,OH,1273,±0.7,1046
10,iso_octane_heptane,Ar,99.4,1.0,CCCCCCC,0.05,216.0,Species,0.55,1.61,,Stanford,15.3,,CH3,1546,±1,162
314,aerosol_shock_tube / aerosol_shock_tube_low pressure / Second_generation_confo / Second_Generation_shock_tube ,Ar,77.51,1.32,CCCCCCCCCCCC,1.49,430.0,Speceis,21.0,6.01,±9.3,Stanford,15.3,,CH,932,±1,1559
108,n_heptane_oxidation,Ar,99.64,1.0,CCCCCCC,0.03,306.7,Species,0.33,2.28,±1,Stanford,15.3,,OH,1375,±1,1661
331,Lam_2013_thesis / Normal_Alkanes_and_Simple_Oxygenates,Ar,95.58,1.0,CCCCCC,0.42,306.0,Species,4.0,1.92,±1,Stanford,14.13,±3,OH,1284,±0.7,1317
111,Horning_2001_thesis / Autoignition_ n_Alkane,Ar,95.2,1.0,CCCCCCC,0.4,431.0,Species,4.4,4.03,,Stanford,15.3,±5,CH,1476,±1,90
265,n_Dodecane / Vasu_2010_thesis,N2,97.14,0.5,CCCCCCCCCCCC,0.08,306.0,Species,2.79,15.84,,Stanford,5.0,±5,OH,1222,±1,625
249,Horning_2001_thesis / Autoignition_ n_Alkane,Ar,95.2,1.0,CCCCCCC,0.4,431.0,Species,4.4,2.12,,Stanford,15.3,±5,CH,1384,±1,403
256,n_Dodecane / Vasu_2010_thesis,N2,96.18,0.5,CCCCCCCCCCCC,0.1,306.0,Species,3.73,16.1,,Stanford,5.0,±5,OH,1219,±1,485
210,aerosol_shock_tube / aerosol_shock_tube_low pressure / Second_generation_confo / Second_Generation_shock_tube ,Ar,78.94,0.05,CCCCCCCCCCCC,0.06,430.0,Speceis,21.0,5.34,±9.3,Stanford,15.3,,CH,1156,±1,1526
238,aerosol_shock_tube / aerosol_shock_tube_low pressure / Second_generation_confo / Second_Generation_shock_tube ,Ar,78.0,0.88,CCCCCCCCCCCC,1.0,430.0,Speceis,21.0,4.49,±9.3,Stanford,15.3,,CH,976,±1,2555
203,aerosol_shock_tube / aerosol_shock_tube_low pressure / Second_generation_confo / Second_Generation_shock_tube ,Ar,77.88,0.98,CCCCCCCCCCCC,1.12,430.0,Speceis,21.0,4.1,±9.3,Stanford,15.3,,CH,1061,±1,959
68,Lam_2013_thesis / Normal_Alkanes_and_Simple_Oxygenates,Ar,95.71,1.0,CCCCCCCCC,0.29,306.0,Species,4.0,3.58,±1,Stanford,14.13,±3,OH,1372,±0.7,318
201,aerosol_shock_tube / aerosol_shock_tube_low pressure / Second_generation_confo / Second_Generation_shock_tube ,Ar,77.76,1.09,CCCCCCCCCCCC,1.24,430.0,Speceis,21.0,4.98,±9.3,Stanford,15.3,,CH,932,±1,4627
14,Lam_2013_thesis / Normal_Alkanes_and_Simple_Oxygenates,Ar,95.75,0.5,CCCCC,0.25,306.0,Species,4.0,1.75,±1,Stanford,14.13,±3,OH,1397,±0.7,232
211,n_heptane_methylcyclohexane,Ar,97.7,0.5,CCCCCCC,0.1,306.7,Species,2.2,15.28,,Stanford,7.5,,OH,1236,±1,652
342,Haylett_2011_thesis,N2,77.51,1.1,CCCCCCCCCC,1.49,430.0,Species,21.0,4.87, ±9.6,Stanford,15.3, ±9.6,CH,1131, ±2,1252
102,Horning_2001_thesis / Autoignition_ n_Alkane,Ar,90.8,0.5,CCCCCCC,0.4,431.0,Species,8.8,1.22,,Stanford,15.3,±5,CH,1347,±1,323
27,Autoignition_ n_Alkane / Horning_2001_thesis,Ar,86.0,0.5,CCCC,1.0,431.0,Speceis,13.0,1.07,±1,Stanford,15.3,±5,CH,1453,±1,96
8,n_Alkane_Oxidation,Ar,99.64,1.0,CCCCCCC,0.03,306.7,Species,0.33,2.04,,Stanford,8.9,±5,OH,1640,,99
221,n_hexadecane / hexadecane_diesel/Haylett_2011_thesis,Ar,95.84,0.96,CCCCCCCCCCCCCCCC,0.16,431.0,Species,4.0,1.71,,Stanford,15.3,±2,CH,1353,±2,708
260,n_hexadecane / hexadecane_diesel/Haylett_2011_thesis,Ar,95.88,0.71,CCCCCCCCCCCCCCCC,0.12,431.0,Species,4.0,1.96,,Stanford,15.3,±2,CH,1218,±2,2657
263,blend_surrogate_fuels,N2,77.53,1.0,CCCCCCC,1.87,306.7,Species,20.6,11.8,,Stanford,5.0,,OH,1290,±1.8,118
61,aerosol_shock_tube / aerosol_shock_tube_low pressure / Second_generation_confo / Second_Generation_shock_tube ,Ar,77.01,1.75,CCCCCCCCCCCC,1.99,430.0,Speceis,21.0,6.46,±9.3,Stanford,15.3,,CH,988,±1,260
65,C1_C4_Alkanes,Ar,92.86,1.0,CCCC,0.95,430.0,Speceis,6.19,1.24,,Xi’an_Jiaotong,11.5,±2.36,CH,1585,±3,70
3,Autoignition_ n_Alkane / Horning_2001_thesis,Ar,92.5,1.0,CCCC,1.0,431.0,Speceis,6.5,1.13,±1,Stanford,15.3,±5,CH,1557,±1,87
127,C1_C4_Alkanes,Ar,92.86,1.0,CCCC,0.95,430.0,Speceis,6.19,1.23,,Xi’an_Jiaotong,11.5,±2.36,CH,1276,±3,1432
305,Lam_2013_thesis / Normal_Alkanes_and_Simple_Oxygenates,Ar,95.68,1.0,CCCCCCCC,0.32,306.0,Species,4.0,1.87,±1,Stanford,14.13,±3,OH,1455,±0.7,166
91,iso_octane_heptane,Ar,99.4,1.0,CCCCCCC,0.05,216.0,Species,0.55,1.72,,Stanford,15.3,,CH3,1395,±1,878
406,Autoignition_ n_Alkane / Horning_2001_thesis,Ar,86.0,0.5,CCCC,1.0,431.0,Speceis,13.0,1.11,±1,Stanford,15.3,±5,CH,1385,±1,206
95,Autoignition_ n_Alkane / Horning_2001_thesis,Ar,92.5,1.0,CCCC,1.0,431.0,Speceis,6.5,3.75,±1,Stanford,15.3,±5,CH,1433,±1,151
404,n_Dodecane / Vasu_2010_thesis,N2,78.11,1.0,CCCCCCCCCCCC,1.12,306.0,Species,20.77,25.9,,Stanford,5.0,±5,OH,855,±1,875
285,blend_surrogate_fuels,N2,77.53,1.0,CCCCCCC,1.87,306.7,Species,20.6,16.72,,Stanford,5.0,,OH,1048,±1.8,854
262,n_Dodecane / Vasu_2010_thesis,N2,78.11,1.0,CCCCCCCCCCCC,1.12,306.0,Species,20.77,22.4,,Stanford,5.0,±5,OH,1008,±1,570
341,n_hexadecane / hexadecane_diesel/Haylett_2011_thesis,Ar,98.95,1.22,CCCCCCCCCCCCCCCC,0.05,431.0,Species,1.0,6.54,,Stanford,15.3,±2,CH,1267,±2,1902
340,n_hexadecane / hexadecane_diesel/Haylett_2011_thesis,Ar,95.82,1.09,CCCCCCCCCCCCCCCC,0.18,431.0,Species,4.0,2.13,,Stanford,15.3,±2,CH,1181,±2,5536
402,Horning_2001_thesis / Autoignition_ n_Alkane,Ar,90.8,0.5,CCCCCCC,0.4,431.0,Species,8.8,1.3,,Stanford,15.3,±5,CH,1347,±1,286
33,n_heptane_oxidation,Ar,99.64,1.0,CCCCCCC,0.03,306.7,Species,0.33,2.36,±1,Stanford,15.3,,OH,1506,±1,189
58,n_Dodecane_Nano,N2,99.21,1.0,CCCCCCCCCCCC,0.05,430.0,Speceis,0.75,2.14,,Stanford,15.3,,CH,1583,,90
205,aerosol_shock_tube / aerosol_shock_tube_low pressure / Second_generation_confo / Second_Generation_shock_tube ,Ar,78.93,0.06,CCCCCCCCCCCC,0.07,430.0,Speceis,21.0,5.2,±9.3,Stanford,15.3,,CH,1134,±1,2006
290,n_Dodecane_Nano,N2,78.43,0.5,CCCCCCCCCCCC,0.57,430.0,Speceis,21.0,6.7,,Stanford,15.3,,CH,1175,,675
241,aerosol_shock_tube / aerosol_shock_tube_low pressure / Second_generation_confo / Second_Generation_shock_tube ,Ar,78.43,0.5,CCCCCCCCCCCC,0.57,430.0,Speceis,21.0,6.18,±9.3,Stanford,15.3,,CH,1118,±1,1081
213,n_heptane_methylcyclohexane,Ar,97.7,0.5,CCCCCCC,0.1,306.7,Species,2.2,15.13,,Stanford,7.5,,OH,1229,±1,708
300,n_Dodecane / Vasu_2010_thesis,N2,78.55,0.5,CCCCCCCCCCCC,0.57,306.0,Species,20.89,20.3,,Stanford,5.0,±5,OH,996,±1,1245
224,n_Dodecane / Vasu_2010_thesis,N2,97.14,0.5,CCCCCCCCCCCC,0.08,306.0,Species,2.79,14.98,,Stanford,5.0,±5,OH,1192,±1,1056
399,n_Dodecane / Vasu_2010_thesis,N2,78.11,1.0,CCCCCCCCCCCC,1.12,306.0,Species,20.77,19.4,,Stanford,5.0,±5,OH,1087,±1,403
107,aerosol_shock_tube / aerosol_shock_tube_low pressure / Second_generation_confo / Second_Generation_shock_tube ,Ar,78.43,0.5,CCCCCCCCCCCC,0.57,430.0,Speceis,21.0,4.01,±9.3,Stanford,15.3,,CH,1146,±1,1027
332,Haylett_2011_thesis,N2,76.43,1.89,CCCCCCCCCC,2.57,430.0,Species,21.0,4.93, ±9.6,Stanford,15.3, ±9.6,CH,1173, ±2,950
103,aerosol_shock_tube / aerosol_shock_tube_low pressure / Second_generation_confo / Second_Generation_shock_tube ,Ar,78.66,0.3,CCCCCCCCCCCC,0.34,430.0,Speceis,21.0,5.06,±9.3,Stanford,15.3,,CH,1192,±1,1110
124,Horning_2001_thesis / Autoignition_ n_Alkane,Ar,85.6,1.0,CCCCCCC,1.2,431.0,Species,13.2,1.27,,Stanford,15.3,±5,CH,1409,±1,179
317,blend_surrogate_fuels,N2,77.53,1.0,CCCCCCC,1.87,306.7,Species,20.6,48.6,,Stanford,5.0,,OH,985,±1.8,364
117,Lam_2013_thesis / Normal_Alkanes_and_Simple_Oxygenates,Ar,95.5,1.0,CCCCC,0.5,306.0,Species,4.0,3.47,±1,Stanford,14.13,±3,OH,1395,±0.7,316
324,n_Dodecane / Vasu_2010_thesis,N2,78.55,0.5,CCCCCCCCCCCC,0.57,306.0,Species,20.89,22.7,,Stanford,5.0,±5,OH,910,±1,2134
336,Haylett_2011_thesis,N2,77.56,1.06,CCCCCCCCCC,1.44,430.0,Species,21.0,5.14, ±9.6,Stanford,15.3, ±9.6,CH,1081, ±2,1696
105,n_Dodecane / Vasu_2010_thesis,N2,78.55,0.5,CCCCCCCCCCCC,0.57,306.0,Species,20.89,21.0,,Stanford,5.0,±5,OH,1039,±1,826
325,n_hexadecane / hexadecane_diesel/Haylett_2011_thesis,Ar,98.95,1.21,CCCCCCCCCCCCCCCC,0.05,431.0,Species,1.0,6.77,,Stanford,15.3,±2,CH,1333,±2,917
