,Unnamed: 0,Data_Source,Diluant Type,Diluant(%),Equv(phi),Fuel,Fuel(%),Measured_wavelength(nm),Mode_of_measurement,Oxidizer(%),P(atm),P_Error(%),Research_group,Shocktube_dia(cm),Species_measurement_Error,Species_name,T(K),T_Error(%),Time(μs),Primary_C,Secondary_C,Tertiary_C,Quaternary_C,Other_Atom,P_P,P_S,P_T,P_Q,S_S,S_T,S_Q,T_T,T_Q,Q_Q,P_H,S_H,T_H
0,146,aerosol_shock_tube / aerosol_shock_tube_low pressure / Second_generation_confo / Second_Generation_shock_tube ,N2,77.98,0.9,CCCCCCCCCCCC,1.02,430.0,Speceis,21.0,7.88,±9.3,Stanford,15.3,,CH,1167,±1,215,2.0,10.0,,,,0.0,2.0,0.0,0.0,9.0,0.0,0.0,0.0,0.0,0.0,6.0,20.0,0.0
1,71,aerosol_shock_tube / aerosol_shock_tube_low pressure / Second_generation_confo / Second_Generation_shock_tube ,Ar,78.79,0.18,CCCCCCCCCCCC,0.21,430.0,Speceis,21.0,4.51,±9.3,Stanford,15.3,,CH,1351,±1,233,2.0,10.0,,,,0.0,2.0,0.0,0.0,9.0,0.0,0.0,0.0,0.0,0.0,6.0,20.0,0.0
2,41,n_Dodecane_Nano,N2,99.21,1.0,CCCCCCCCCCCC,0.04,430.0,Speceis,0.75,2.17,,Stanford,15.3,,CH,1536,,140,2.0,10.0,,,,0.0,2.0,0.0,0.0,9.0,0.0,0.0,0.0,0.0,0.0,6.0,20.0,0.0
3,148,n_Dodecane_Nano,N2,99.19,1.0,CCCCCCCCCCCC,0.05,430.0,Speceis,0.77,2.47,,Stanford,15.3,,CH,1415,,790,2.0,10.0,,,,0.0,2.0,0.0,0.0,9.0,0.0,0.0,0.0,0.0,0.0,6.0,20.0,0.0
4,398,n_Dodecane / Vasu_2010_thesis,N2,78.11,1.0,CCCCCCCCCCCC,1.12,306.0,Species,20.77,20.5,,Stanford,5.0,±5,OH,976,±1,800,2.0,10.0,,,,0.0,2.0,0.0,0.0,9.0,0.0,0.0,0.0,0.0,0.0,6.0,20.0,0.0
5,154,n_Dodecane_Nano,N2,99.2,1.0,CCCCCCCCCCCC,0.05,430.0,Speceis,0.75,2.26,,Stanford,15.3,,CH,1450,,461,2.0,10.0,,,,0.0,2.0,0.0,0.0,9.0,0.0,0.0,0.0,0.0,0.0,6.0,20.0,0.0
6,409,aerosol_shock_tube / aerosol_shock_tube_low pressure / Second_generation_confo / Second_Generation_shock_tube ,Ar,77.84,1.02,CCCCCCCCCCCC,1.16,430.0,Speceis,21.0,5.05,±9.3,Stanford,15.3,,CH,954,±1,4169,2.0,10.0,,,,0.0,2.0,0.0,0.0,9.0,0.0,0.0,0.0,0.0,0.0,6.0,20.0,0.0
7,143,n_Dodecane_Nano,N2,99.2,1.0,CCCCCCCCCCCC,0.05,430.0,Speceis,0.75,2.35,,Stanford,15.3,,CH,1418,,614,2.0,10.0,,,,0.0,2.0,0.0,0.0,9.0,0.0,0.0,0.0,0.0,0.0,6.0,20.0,0.0
8,359,aerosol_shock_tube / aerosol_shock_tube_low pressure / Second_generation_confo / Second_Generation_shock_tube ,Ar,78.79,0.18,CCCCCCCCCCCC,0.21,430.0,Speceis,21.0,4.0,±9.3,Stanford,15.3,,CH,1078,±1,5605,2.0,10.0,,,,0.0,2.0,0.0,0.0,9.0,0.0,0.0,0.0,0.0,0.0,6.0,20.0,0.0
9,125,aerosol_shock_tube / aerosol_shock_tube_low pressure / Second_generation_confo / Second_Generation_shock_tube ,Ar,78.59,0.36,CCCCCCCCCCCC,0.41,430.0,Speceis,21.0,4.87,±9.3,Stanford,15.3,,CH,976,±1,6220,2.0,10.0,,,,0.0,2.0,0.0,0.0,9.0,0.0,0.0,0.0,0.0,0.0,6.0,20.0,0.0
10,98,aerosol_shock_tube / aerosol_shock_tube_low pressure / Second_generation_confo / Second_Generation_shock_tube ,Ar,78.47,0.47,CCCCCCCCCCCC,0.53,430.0,Speceis,21.0,6.19,±9.3,Stanford,15.3,,CH,1172,±1,524,2.0,10.0,,,,0.0,2.0,0.0,0.0,9.0,0.0,0.0,0.0,0.0,0.0,6.0,20.0,0.0
11,194,n_Dodecane / Vasu_2010_thesis,N2,78.55,0.5,CCCCCCCCCCCC,0.57,306.0,Species,20.89,20.8,,Stanford,5.0,±5,OH,1177,±1,165,2.0,10.0,,,,0.0,2.0,0.0,0.0,9.0,0.0,0.0,0.0,0.0,0.0,6.0,20.0,0.0
12,47,n_Dodecane_Nano,N2,99.19,1.0,CCCCCCCCCCCC,0.05,430.0,Speceis,0.76,2.14,,Stanford,15.3,,CH,1618,,96,2.0,10.0,,,,0.0,2.0,0.0,0.0,9.0,0.0,0.0,0.0,0.0,0.0,6.0,20.0,0.0
13,131,aerosol_shock_tube / aerosol_shock_tube_low pressure / Second_generation_confo / Second_Generation_shock_tube ,Ar,77.82,1.04,CCCCCCCCCCCC,1.18,430.0,Speceis,21.0,6.57,±9.3,Stanford,15.3,,CH,1011,±1,1100,2.0,10.0,,,,0.0,2.0,0.0,0.0,9.0,0.0,0.0,0.0,0.0,0.0,6.0,20.0,0.0
14,386,n_Dodecane_Nano,N2,99.19,1.0,CCCCCCCCCCCC,0.05,430.0,Speceis,0.76,2.07,,Stanford,15.3,,CH,1427,,655,2.0,10.0,,,,0.0,2.0,0.0,0.0,9.0,0.0,0.0,0.0,0.0,0.0,6.0,20.0,0.0
15,106,n_Dodecane_Nano,N2,78.43,0.5,CCCCCCCCCCCC,0.57,430.0,Speceis,21.0,6.7,,Stanford,15.3,,CH,1108,,1339,2.0,10.0,,,,0.0,2.0,0.0,0.0,9.0,0.0,0.0,0.0,0.0,0.0,6.0,20.0,0.0
16,188,n_Dodecane / Vasu_2010_thesis,N2,78.11,1.0,CCCCCCCCCCCC,1.12,306.0,Species,20.77,20.6,,Stanford,5.0,±5,OH,1135,±1,178,2.0,10.0,,,,0.0,2.0,0.0,0.0,9.0,0.0,0.0,0.0,0.0,0.0,6.0,20.0,0.0
17,390,n_Dodecane / Vasu_2010_thesis,N2,78.11,1.0,CCCCCCCCCCCC,1.12,306.0,Species,20.77,23.4,,Stanford,5.0,±5,OH,907,±1,1081,2.0,10.0,,,,0.0,2.0,0.0,0.0,9.0,0.0,0.0,0.0,0.0,0.0,6.0,20.0,0.0
18,180,n_Dodecane_Nano,N2,99.21,1.0,CCCCCCCCCCCC,0.05,430.0,Speceis,0.74,2.07,,Stanford,15.3,,CH,1545,,262,2.0,10.0,,,,0.0,2.0,0.0,0.0,9.0,0.0,0.0,0.0,0.0,0.0,6.0,20.0,0.0
19,407,n_Dodecane_Nano,N2,99.2,1.0,CCCCCCCCCCCC,0.05,430.0,Speceis,0.75,2.17,,Stanford,15.3,,CH,1607,,84,2.0,10.0,,,,0.0,2.0,0.0,0.0,9.0,0.0,0.0,0.0,0.0,0.0,6.0,20.0,0.0
20,174,n_Dodecane / Vasu_2010_thesis,N2,78.55,0.5,CCCCCCCCCCCC,0.57,306.0,Species,20.89,30.9,,Stanford,5.0,±5,OH,1117,±1,266,2.0,10.0,,,,0.0,2.0,0.0,0.0,9.0,0.0,0.0,0.0,0.0,0.0,6.0,20.0,0.0
21,90,n_Dodecane_Nano,N2,78.43,0.5,CCCCCCCCCCCC,0.57,430.0,Speceis,21.0,6.7,,Stanford,15.3,,CH,1224,,253,2.0,10.0,,,,0.0,2.0,0.0,0.0,9.0,0.0,0.0,0.0,0.0,0.0,6.0,20.0,0.0
22,78,aerosol_shock_tube / aerosol_shock_tube_low pressure / Second_generation_confo / Second_Generation_shock_tube ,Ar,78.37,0.55,CCCCCCCCCCCC,0.63,430.0,Speceis,21.0,5.92,±9.3,Stanford,15.3,,CH,1345,±1,123,2.0,10.0,,,,0.0,2.0,0.0,0.0,9.0,0.0,0.0,0.0,0.0,0.0,6.0,20.0,0.0
23,183,n_Dodecane / Vasu_2010_thesis,N2,96.3,0.5,CCCCCCCCCCCC,0.1,306.0,Species,3.6,16.07,,Stanford,5.0,±5,OH,1217,±1,508,2.0,10.0,,,,0.0,2.0,0.0,0.0,9.0,0.0,0.0,0.0,0.0,0.0,6.0,20.0,0.0
24,94,n_Dodecane / Vasu_2010_thesis,N2,78.55,0.5,CCCCCCCCCCCC,0.57,306.0,Species,20.89,21.2,,Stanford,5.0,±5,OH,1163,±1,213,2.0,10.0,,,,0.0,2.0,0.0,0.0,9.0,0.0,0.0,0.0,0.0,0.0,6.0,20.0,0.0
25,375,n_Dodecane / Vasu_2010_thesis,N2,96.3,0.5,CCCCCCCCCCCC,0.1,306.0,Species,3.6,16.73,,Stanford,5.0,±5,OH,1230,±1,429,2.0,10.0,,,,0.0,2.0,0.0,0.0,9.0,0.0,0.0,0.0,0.0,0.0,6.0,20.0,0.0
26,144,aerosol_shock_tube / aerosol_shock_tube_low pressure / Second_generation_confo / Second_Generation_shock_tube ,Ar,78.44,0.5,CCCCCCCCCCCC,0.56,430.0,Speceis,21.0,6.56,±9.3,Stanford,15.3,,CH,1053,±1,2105,2.0,10.0,,,,0.0,2.0,0.0,0.0,9.0,0.0,0.0,0.0,0.0,0.0,6.0,20.0,0.0
27,368,aerosol_shock_tube / aerosol_shock_tube_low pressure / Second_generation_confo / Second_Generation_shock_tube ,Ar,78.51,0.43,CCCCCCCCCCCC,0.49,430.0,Speceis,21.0,8.63,±9.3,Stanford,15.3,,CH,1220,±1,292,2.0,10.0,,,,0.0,2.0,0.0,0.0,9.0,0.0,0.0,0.0,0.0,0.0,6.0,20.0,0.0
28,150,aerosol_shock_tube / aerosol_shock_tube_low pressure / Second_generation_confo / Second_Generation_shock_tube ,Ar,78.81,0.16,CCCCCCCCCCCC,0.19,430.0,Speceis,21.0,4.64,±9.3,Stanford,15.3,,CH,1209,±1,926,2.0,10.0,,,,0.0,2.0,0.0,0.0,9.0,0.0,0.0,0.0,0.0,0.0,6.0,20.0,0.0
29,126,aerosol_shock_tube / aerosol_shock_tube_low pressure / Second_generation_confo / Second_Generation_shock_tube ,Ar,78.5,0.44,CCCCCCCCCCCC,0.5,430.0,Speceis,21.0,6.32,±9.3,Stanford,15.3,,CH,1078,±1,1624,2.0,10.0,,,,0.0,2.0,0.0,0.0,9.0,0.0,0.0,0.0,0.0,0.0,6.0,20.0,0.0
30,114,n_Dodecane / Vasu_2010_thesis,N2,78.11,1.0,CCCCCCCCCCCC,1.12,306.0,Species,20.77,18.7,,Stanford,5.0,±5,OH,1125,±1,188,2.0,10.0,,,,0.0,2.0,0.0,0.0,9.0,0.0,0.0,0.0,0.0,0.0,6.0,20.0,0.0
31,87,aerosol_shock_tube / aerosol_shock_tube_low pressure / Second_generation_confo / Second_Generation_shock_tube ,Ar,78.42,0.51,CCCCCCCCCCCC,0.58,430.0,Speceis,21.0,6.07,±9.3,Stanford,15.3,,CH,1140,±1,820,2.0,10.0,,,,0.0,2.0,0.0,0.0,9.0,0.0,0.0,0.0,0.0,0.0,6.0,20.0,0.0
32,56,n_Dodecane_Nano,N2,78.61,0.34,CCCCCCCCCCCC,0.39,430.0,Speceis,21.0,7.53,,Stanford,15.3,,CH,1243,,130,2.0,10.0,,,,0.0,2.0,0.0,0.0,9.0,0.0,0.0,0.0,0.0,0.0,6.0,20.0,0.0
33,112,n_Dodecane / Vasu_2010_thesis,N2,78.11,1.0,CCCCCCCCCCCC,1.12,306.0,Species,20.77,23.0,,Stanford,5.0,±5,OH,1109,±1,278,2.0,10.0,,,,0.0,2.0,0.0,0.0,9.0,0.0,0.0,0.0,0.0,0.0,6.0,20.0,0.0
34,113,n_Dodecane_Nano,N2,99.21,1.0,CCCCCCCCCCCC,0.04,430.0,Speceis,0.75,2.25,,Stanford,15.3,,CH,1330,,1592,2.0,10.0,,,,0.0,2.0,0.0,0.0,9.0,0.0,0.0,0.0,0.0,0.0,6.0,20.0,0.0
35,378,n_Dodecane / Vasu_2010_thesis,N2,96.3,0.5,CCCCCCCCCCCC,0.1,306.0,Species,3.6,15.19,,Stanford,5.0,±5,OH,1158,±1,1181,2.0,10.0,,,,0.0,2.0,0.0,0.0,9.0,0.0,0.0,0.0,0.0,0.0,6.0,20.0,0.0
36,387,n_Dodecane_Nano,N2,99.21,1.0,CCCCCCCCCCCC,0.04,430.0,Speceis,0.75,2.33,,Stanford,15.3,,CH,1430,,349,2.0,10.0,,,,0.0,2.0,0.0,0.0,9.0,0.0,0.0,0.0,0.0,0.0,6.0,20.0,0.0
37,42,n_Dodecane / Vasu_2010_thesis,N2,78.55,0.5,CCCCCCCCCCCC,0.57,306.0,Species,20.89,25.0,,Stanford,5.0,±5,OH,806,±1,1522,2.0,10.0,,,,0.0,2.0,0.0,0.0,9.0,0.0,0.0,0.0,0.0,0.0,6.0,20.0,0.0
38,54,n_Dodecane_Nano,N2,99.21,1.0,CCCCCCCCCCCC,0.04,430.0,Speceis,0.75,2.13,,Stanford,15.3,,CH,1645,,91,2.0,10.0,,,,0.0,2.0,0.0,0.0,9.0,0.0,0.0,0.0,0.0,0.0,6.0,20.0,0.0
39,84,n_Dodecane_Nano,N2,99.2,1.0,CCCCCCCCCCCC,0.05,430.0,Speceis,0.75,2.32,,Stanford,15.3,,CH,1381,,1020,2.0,10.0,,,,0.0,2.0,0.0,0.0,9.0,0.0,0.0,0.0,0.0,0.0,6.0,20.0,0.0
40,31,n_Dodecane_Nano,N2,99.2,1.0,CCCCCCCCCCCC,0.05,430.0,Speceis,0.75,2.25,,Stanford,15.3,,CH,1477,,216,2.0,10.0,,,,0.0,2.0,0.0,0.0,9.0,0.0,0.0,0.0,0.0,0.0,6.0,20.0,0.0
41,136,aerosol_shock_tube / aerosol_shock_tube_low pressure / Second_generation_confo / Second_Generation_shock_tube ,N2,78.31,0.61,CCCCCCCCCCCC,0.69,430.0,Speceis,21.0,8.5,±9.3,Stanford,15.3,,CH,1114,±1,640,2.0,10.0,,,,0.0,2.0,0.0,0.0,9.0,0.0,0.0,0.0,0.0,0.0,6.0,20.0,0.0
42,51,aerosol_shock_tube / aerosol_shock_tube_low pressure / Second_generation_confo / Second_Generation_shock_tube ,Ar,78.17,0.73,CCCCCCCCCCCC,0.83,430.0,Speceis,21.0,6.42,±9.3,Stanford,15.3,,CH,1284,±1,80,2.0,10.0,,,,0.0,2.0,0.0,0.0,9.0,0.0,0.0,0.0,0.0,0.0,6.0,20.0,0.0
43,367,aerosol_shock_tube / aerosol_shock_tube_low pressure / Second_generation_confo / Second_Generation_shock_tube ,Ar,78.27,0.65,CCCCCCCCCCCC,0.73,430.0,Speceis,21.0,6.37,±9.3,Stanford,15.3,,CH,1168,±1,484,2.0,10.0,,,,0.0,2.0,0.0,0.0,9.0,0.0,0.0,0.0,0.0,0.0,6.0,20.0,0.0
44,197,n_Dodecane / Vasu_2010_thesis,N2,78.11,1.0,CCCCCCCCCCCC,1.12,306.0,Species,20.77,21.8,,Stanford,5.0,±5,OH,991,±1,645,2.0,10.0,,,,0.0,2.0,0.0,0.0,9.0,0.0,0.0,0.0,0.0,0.0,6.0,20.0,0.0
45,96,aerosol_shock_tube / aerosol_shock_tube_low pressure / Second_generation_confo / Second_Generation_shock_tube ,Ar,78.45,0.48,CCCCCCCCCCCC,0.55,430.0,Speceis,21.0,5.69,±9.3,Stanford,15.3,,CH,1037,±1,2607,2.0,10.0,,,,0.0,2.0,0.0,0.0,9.0,0.0,0.0,0.0,0.0,0.0,6.0,20.0,0.0
46,408,n_Dodecane / Vasu_2010_thesis,N2,78.11,1.0,CCCCCCCCCCCC,1.12,306.0,Species,20.77,22.5,,Stanford,5.0,±5,OH,869,±1,1040,2.0,10.0,,,,0.0,2.0,0.0,0.0,9.0,0.0,0.0,0.0,0.0,0.0,6.0,20.0,0.0
47,155,n_Dodecane_Nano,N2,99.2,1.0,CCCCCCCCCCCC,0.05,430.0,Speceis,0.75,2.26,,Stanford,15.3,,CH,1466,,438,2.0,10.0,,,,0.0,2.0,0.0,0.0,9.0,0.0,0.0,0.0,0.0,0.0,6.0,20.0,0.0
48,138,aerosol_shock_tube / aerosol_shock_tube_low pressure / Second_generation_confo / Second_Generation_shock_tube ,N2,78.21,0.69,CCCCCCCCCCCC,0.79,430.0,Speceis,21.0,8.02,±9.3,Stanford,15.3,,CH,1084,±1,738,2.0,10.0,,,,0.0,2.0,0.0,0.0,9.0,0.0,0.0,0.0,0.0,0.0,6.0,20.0,0.0
49,192,n_Dodecane / Vasu_2010_thesis,N2,78.55,0.5,CCCCCCCCCCCC,0.57,306.0,Species,20.89,20.1,,Stanford,5.0,±5,OH,1054,±1,788,2.0,10.0,,,,0.0,2.0,0.0,0.0,9.0,0.0,0.0,0.0,0.0,0.0,6.0,20.0,0.0
50,37,n_Dodecane_Nano,N2,99.2,1.0,CCCCCCCCCCCC,0.05,430.0,Speceis,0.75,2.09,,Stanford,15.3,,CH,1612,,80,2.0,10.0,,,,0.0,2.0,0.0,0.0,9.0,0.0,0.0,0.0,0.0,0.0,6.0,20.0,0.0
51,193,aerosol_shock_tube / aerosol_shock_tube_low pressure / Second_generation_confo / Second_Generation_shock_tube ,Ar,78.54,0.4,CCCCCCCCCCCC,0.46,430.0,Speceis,21.0,5.78,±9.3,Stanford,15.3,,CH,1319,±1,181,2.0,10.0,,,,0.0,2.0,0.0,0.0,9.0,0.0,0.0,0.0,0.0,0.0,6.0,20.0,0.0
52,63,n_Dodecane_Nano,N2,78.43,0.5,CCCCCCCCCCCC,0.57,430.0,Speceis,21.0,6.7,,Stanford,15.3,,CH,1238,,109,2.0,10.0,,,,0.0,2.0,0.0,0.0,9.0,0.0,0.0,0.0,0.0,0.0,6.0,20.0,0.0
53,165,aerosol_shock_tube / aerosol_shock_tube_low pressure / Second_generation_confo / Second_Generation_shock_tube ,Ar,78.21,0.7,CCCCCCCCCCCC,0.79,430.0,Speceis,21.0,8.09,±9.3,Stanford,15.3,,CH,1117,±1,412,2.0,10.0,,,,0.0,2.0,0.0,0.0,9.0,0.0,0.0,0.0,0.0,0.0,6.0,20.0,0.0
54,149,n_Dodecane_Nano,N2,78.43,0.5,CCCCCCCCCCCC,0.57,430.0,Speceis,21.0,6.7,,Stanford,15.3,,CH,1145,,605,2.0,10.0,,,,0.0,2.0,0.0,0.0,9.0,0.0,0.0,0.0,0.0,0.0,6.0,20.0,0.0
55,93,n_Dodecane / Vasu_2010_thesis,N2,78.11,1.0,CCCCCCCCCCCC,1.12,306.0,Species,20.77,22.3,,Stanford,5.0,±5,OH,1015,±1,508,2.0,10.0,,,,0.0,2.0,0.0,0.0,9.0,0.0,0.0,0.0,0.0,0.0,6.0,20.0,0.0
56,62,aerosol_shock_tube / aerosol_shock_tube_low pressure / Second_generation_confo / Second_Generation_shock_tube ,Ar,76.86,1.88,CCCCCCCCCCCC,2.14,430.0,Speceis,21.0,5.04,±9.3,Stanford,15.3,,CH,979,±1,306,2.0,10.0,,,,0.0,2.0,0.0,0.0,9.0,0.0,0.0,0.0,0.0,0.0,6.0,20.0,0.0
57,115,n_Dodecane_Nano,N2,78.43,0.5,CCCCCCCCCCCC,0.57,430.0,Speceis,21.0,6.7,,Stanford,15.3,,CH,1141,,680,2.0,10.0,,,,0.0,2.0,0.0,0.0,9.0,0.0,0.0,0.0,0.0,0.0,6.0,20.0,0.0
58,55,n_Dodecane_Nano,N2,99.2,1.0,CCCCCCCCCCCC,0.05,430.0,Speceis,0.75,2.24,,Stanford,15.3,,CH,1528,,116,2.0,10.0,,,,0.0,2.0,0.0,0.0,9.0,0.0,0.0,0.0,0.0,0.0,6.0,20.0,0.0
59,358,n_Dodecane_Nano,N2,99.23,1.0,CCCCCCCCCCCC,0.04,430.0,Speceis,0.73,2.3,,Stanford,15.3,,CH,1394,,1463,2.0,10.0,,,,0.0,2.0,0.0,0.0,9.0,0.0,0.0,0.0,0.0,0.0,6.0,20.0,0.0
60,168,n_Dodecane / Vasu_2010_thesis,N2,78.11,1.0,CCCCCCCCCCCC,1.12,306.0,Species,20.77,22.0,,Stanford,5.0,±5,OH,987,±1,699,2.0,10.0,,,,0.0,2.0,0.0,0.0,9.0,0.0,0.0,0.0,0.0,0.0,6.0,20.0,0.0
61,49,n_Dodecane / Vasu_2010_thesis,N2,78.55,0.5,CCCCCCCCCCCC,0.57,306.0,Species,20.89,26.0,,Stanford,5.0,±5,OH,747,±1,2243,2.0,10.0,,,,0.0,2.0,0.0,0.0,9.0,0.0,0.0,0.0,0.0,0.0,6.0,20.0,0.0
62,39,n_Dodecane / Vasu_2010_thesis,N2,78.11,1.0,CCCCCCCCCCCC,1.12,306.0,Species,20.77,23.3,,Stanford,5.0,±5,OH,822,±1,805,2.0,10.0,,,,0.0,2.0,0.0,0.0,9.0,0.0,0.0,0.0,0.0,0.0,6.0,20.0,0.0
63,184,n_Dodecane_Nano,N2,78.43,0.5,CCCCCCCCCCCC,0.57,430.0,Speceis,21.0,6.7,,Stanford,15.3,,CH,1196,,229,2.0,10.0,,,,0.0,2.0,0.0,0.0,9.0,0.0,0.0,0.0,0.0,0.0,6.0,20.0,0.0
64,34,n_Dodecane_Nano,N2,78.43,0.5,CCCCCCCCCCCC,0.57,430.0,Speceis,21.0,6.7,,Stanford,15.3,,CH,1249,,84,2.0,10.0,,,,0.0,2.0,0.0,0.0,9.0,0.0,0.0,0.0,0.0,0.0,6.0,20.0,0.0
65,170,n_Dodecane_Nano,N2,99.19,1.0,CCCCCCCCCCCC,0.05,430.0,Speceis,0.76,2.28,,Stanford,15.3,,CH,1407,,791,2.0,10.0,,,,0.0,2.0,0.0,0.0,9.0,0.0,0.0,0.0,0.0,0.0,6.0,20.0,0.0
66,264,aerosol_shock_tube / aerosol_shock_tube_low pressure / Second_generation_confo / Second_Generation_shock_tube ,Ar,77.83,1.03,CCCCCCCCCCCC,1.17,430.0,Speceis,21.0,7.0,±9.3,Stanford,15.3,,CH,940,±1,2599,2.0,10.0,,,,0.0,2.0,0.0,0.0,9.0,0.0,0.0,0.0,0.0,0.0,6.0,20.0,0.0
67,248,n_Dodecane / Vasu_2010_thesis,N2,78.11,1.0,CCCCCCCCCCCC,1.12,306.0,Species,20.77,20.8,,Stanford,5.0,±5,OH,1102,±1,268,2.0,10.0,,,,0.0,2.0,0.0,0.0,9.0,0.0,0.0,0.0,0.0,0.0,6.0,20.0,0.0
68,74,n_Dodecane / Vasu_2010_thesis,N2,96.18,0.5,CCCCCCCCCCCC,0.1,306.0,Species,3.73,15.93,,Stanford,5.0,±5,OH,1179,±1,847,2.0,10.0,,,,0.0,2.0,0.0,0.0,9.0,0.0,0.0,0.0,0.0,0.0,6.0,20.0,0.0
69,318,n_Dodecane_Nano,N2,99.2,1.0,CCCCCCCCCCCC,0.05,430.0,Speceis,0.75,2.34,,Stanford,15.3,,CH,1387,,1197,2.0,10.0,,,,0.0,2.0,0.0,0.0,9.0,0.0,0.0,0.0,0.0,0.0,6.0,20.0,0.0
70,67,aerosol_shock_tube / aerosol_shock_tube_low pressure / Second_generation_confo / Second_Generation_shock_tube ,Ar,78.48,0.45,CCCCCCCCCCCC,0.52,430.0,Speceis,21.0,6.4,±9.3,Stanford,15.3,,CH,1068,±1,2126,2.0,10.0,,,,0.0,2.0,0.0,0.0,9.0,0.0,0.0,0.0,0.0,0.0,6.0,20.0,0.0
71,313,n_Dodecane_Nano,N2,99.21,1.0,CCCCCCCCCCCC,0.04,430.0,Speceis,0.75,2.41,,Stanford,15.3,,CH,1403,,586,2.0,10.0,,,,0.0,2.0,0.0,0.0,9.0,0.0,0.0,0.0,0.0,0.0,6.0,20.0,0.0
72,277,aerosol_shock_tube / aerosol_shock_tube_low pressure / Second_generation_confo / Second_Generation_shock_tube ,Ar,77.83,1.03,CCCCCCCCCCCC,1.17,430.0,Speceis,21.0,6.57,±9.3,Stanford,15.3,,CH,958,±1,2041,2.0,10.0,,,,0.0,2.0,0.0,0.0,9.0,0.0,0.0,0.0,0.0,0.0,6.0,20.0,0.0
73,216,aerosol_shock_tube / aerosol_shock_tube_low pressure / Second_generation_confo / Second_Generation_shock_tube ,Ar,78.0,0.88,CCCCCCCCCCCC,1.0,430.0,Speceis,21.0,6.25,±9.3,Stanford,15.3,,CH,921,±1,5556,2.0,10.0,,,,0.0,2.0,0.0,0.0,9.0,0.0,0.0,0.0,0.0,0.0,6.0,20.0,0.0
74,306,n_Dodecane / Vasu_2010_thesis,N2,98.04,0.5,CCCCCCCCCCCC,0.05,306.0,Species,1.91,15.08,,Stanford,5.0,±5,OH,1252,±1,713,2.0,10.0,,,,0.0,2.0,0.0,0.0,9.0,0.0,0.0,0.0,0.0,0.0,6.0,20.0,0.0
75,283,aerosol_shock_tube / aerosol_shock_tube_low pressure / Second_generation_confo / Second_Generation_shock_tube ,Ar,78.04,0.85,CCCCCCCCCCCC,0.96,430.0,Speceis,21.0,4.36,±9.3,Stanford,15.3,,CH,1019,±1,1828,2.0,10.0,,,,0.0,2.0,0.0,0.0,9.0,0.0,0.0,0.0,0.0,0.0,6.0,20.0,0.0
76,251,n_Dodecane / Vasu_2010_thesis,N2,78.11,1.0,CCCCCCCCCCCC,1.12,306.0,Species,20.77,21.0,,Stanford,5.0,±5,OH,942,±1,1116,2.0,10.0,,,,0.0,2.0,0.0,0.0,9.0,0.0,0.0,0.0,0.0,0.0,6.0,20.0,0.0
77,199,aerosol_shock_tube / aerosol_shock_tube_low pressure / Second_generation_confo / Second_Generation_shock_tube ,N2,78.32,0.6,CCCCCCCCCCCC,0.68,430.0,Speceis,21.0,6.12,±9.3,Stanford,15.3,,CH,1127,±1,797,2.0,10.0,,,,0.0,2.0,0.0,0.0,9.0,0.0,0.0,0.0,0.0,0.0,6.0,20.0,0.0
78,288,n_Dodecane / Vasu_2010_thesis,N2,98.04,0.5,CCCCCCCCCCCC,0.05,306.0,Species,1.91,15.52,,Stanford,5.0,±5,OH,1322,±1,293,2.0,10.0,,,,0.0,2.0,0.0,0.0,9.0,0.0,0.0,0.0,0.0,0.0,6.0,20.0,0.0
79,298,n_Dodecane / Vasu_2010_thesis,N2,78.11,1.0,CCCCCCCCCCCC,1.12,306.0,Species,20.77,23.3,,Stanford,5.0,±5,OH,1107,±1,298,2.0,10.0,,,,0.0,2.0,0.0,0.0,9.0,0.0,0.0,0.0,0.0,0.0,6.0,20.0,0.0
80,293,n_Dodecane / Vasu_2010_thesis,N2,96.18,0.5,CCCCCCCCCCCC,0.1,306.0,Species,3.73,16.13,,Stanford,5.0,±5,OH,1211,±1,534,2.0,10.0,,,,0.0,2.0,0.0,0.0,9.0,0.0,0.0,0.0,0.0,0.0,6.0,20.0,0.0
81,202,n_Dodecane / Vasu_2010_thesis,N2,78.55,0.5,CCCCCCCCCCCC,0.57,306.0,Species,20.89,18.9,,Stanford,5.0,±5,OH,1049,±1,839,2.0,10.0,,,,0.0,2.0,0.0,0.0,9.0,0.0,0.0,0.0,0.0,0.0,6.0,20.0,0.0
82,296,aerosol_shock_tube / aerosol_shock_tube_low pressure / Second_generation_confo / Second_Generation_shock_tube ,N2,78.05,0.84,CCCCCCCCCCCC,0.95,430.0,Speceis,21.0,8.53,±9.3,Stanford,15.3,,CH,1179,±1,220,2.0,10.0,,,,0.0,2.0,0.0,0.0,9.0,0.0,0.0,0.0,0.0,0.0,6.0,20.0,0.0
83,307,n_Dodecane / Vasu_2010_thesis,N2,97.14,0.5,CCCCCCCCCCCC,0.08,306.0,Species,2.79,15.45,,Stanford,5.0,±5,OH,1221,±1,685,2.0,10.0,,,,0.0,2.0,0.0,0.0,9.0,0.0,0.0,0.0,0.0,0.0,6.0,20.0,0.0
84,278,aerosol_shock_tube / aerosol_shock_tube_low pressure / Second_generation_confo / Second_Generation_shock_tube ,Ar,78.26,0.65,CCCCCCCCCCCC,0.74,430.0,Speceis,21.0,4.68,±9.3,Stanford,15.3,,CH,1003,±1,4081,2.0,10.0,,,,0.0,2.0,0.0,0.0,9.0,0.0,0.0,0.0,0.0,0.0,6.0,20.0,0.0
85,11,aerosol_shock_tube / aerosol_shock_tube_low pressure / Second_generation_confo / Second_Generation_shock_tube ,Ar,78.24,0.67,CCCCCCCCCCCC,0.76,430.0,Speceis,21.0,6.23,±9.3,Stanford,15.3,,CH,1249,±1,114,2.0,10.0,,,,0.0,2.0,0.0,0.0,9.0,0.0,0.0,0.0,0.0,0.0,6.0,20.0,0.0
86,217,aerosol_shock_tube / aerosol_shock_tube_low pressure / Second_generation_confo / Second_Generation_shock_tube ,Ar,78.43,0.51,CCCCCCCCCCCC,0.57,430.0,Speceis,21.0,5.76,±9.3,Stanford,15.3,,CH,1049,±1,2581,2.0,10.0,,,,0.0,2.0,0.0,0.0,9.0,0.0,0.0,0.0,0.0,0.0,6.0,20.0,0.0
87,274,aerosol_shock_tube / aerosol_shock_tube_low pressure / Second_generation_confo / Second_Generation_shock_tube ,Ar,78.81,0.17,CCCCCCCCCCCC,0.19,430.0,Speceis,21.0,5.65,±9.3,Stanford,15.3,,CH,1112,±1,2281,2.0,10.0,,,,0.0,2.0,0.0,0.0,9.0,0.0,0.0,0.0,0.0,0.0,6.0,20.0,0.0
88,200,n_Dodecane / Vasu_2010_thesis,N2,78.11,1.0,CCCCCCCCCCCC,1.12,306.0,Species,20.77,22.9,,Stanford,5.0,±5,OH,978,±1,912,2.0,10.0,,,,0.0,2.0,0.0,0.0,9.0,0.0,0.0,0.0,0.0,0.0,6.0,20.0,0.0
89,223,n_Dodecane_Nano,N2,78.79,0.18,CCCCCCCCCCCC,0.21,430.0,Speceis,21.0,7.1,,Stanford,15.3,,CH,1187,,793,2.0,10.0,,,,0.0,2.0,0.0,0.0,9.0,0.0,0.0,0.0,0.0,0.0,6.0,20.0,0.0
90,275,aerosol_shock_tube / aerosol_shock_tube_low pressure / Second_generation_confo / Second_Generation_shock_tube ,Ar,78.29,0.62,CCCCCCCCCCCC,0.71,430.0,Speceis,21.0,5.33,±9.3,Stanford,15.3,,CH,1172,±1,663,2.0,10.0,,,,0.0,2.0,0.0,0.0,9.0,0.0,0.0,0.0,0.0,0.0,6.0,20.0,0.0
91,302,n_Dodecane / Vasu_2010_thesis,N2,78.55,0.5,CCCCCCCCCCCC,0.57,306.0,Species,20.89,19.6,,Stanford,5.0,±5,OH,1087,±1,527,2.0,10.0,,,,0.0,2.0,0.0,0.0,9.0,0.0,0.0,0.0,0.0,0.0,6.0,20.0,0.0
92,257,aerosol_shock_tube / aerosol_shock_tube_low pressure / Second_generation_confo / Second_Generation_shock_tube ,Ar,78.17,0.73,CCCCCCCCCCCC,0.83,430.0,Speceis,21.0,4.43,±9.3,Stanford,15.3,,CH,1035,±1,1803,2.0,10.0,,,,0.0,2.0,0.0,0.0,9.0,0.0,0.0,0.0,0.0,0.0,6.0,20.0,0.0
93,101,aerosol_shock_tube / aerosol_shock_tube_low pressure / Second_generation_confo / Second_Generation_shock_tube ,Ar,77.71,1.14,CCCCCCCCCCCC,1.29,430.0,Speceis,21.0,5.82,±9.3,Stanford,15.3,,CH,964,±1,1175,2.0,10.0,,,,0.0,2.0,0.0,0.0,9.0,0.0,0.0,0.0,0.0,0.0,6.0,20.0,0.0
94,301,aerosol_shock_tube / aerosol_shock_tube_low pressure / Second_generation_confo / Second_Generation_shock_tube ,Ar,78.07,0.82,CCCCCCCCCCCC,0.93,430.0,Speceis,21.0,5.0,±9.3,Stanford,15.3,,CH,903,±1,7825,2.0,10.0,,,,0.0,2.0,0.0,0.0,9.0,0.0,0.0,0.0,0.0,0.0,6.0,20.0,0.0
95,292,n_Dodecane / Vasu_2010_thesis,N2,78.11,1.0,CCCCCCCCCCCC,1.12,306.0,Species,20.77,22.1,,Stanford,5.0,±5,OH,1036,±1,432,2.0,10.0,,,,0.0,2.0,0.0,0.0,9.0,0.0,0.0,0.0,0.0,0.0,6.0,20.0,0.0
96,225,n_Dodecane / Vasu_2010_thesis,N2,96.3,0.5,CCCCCCCCCCCC,0.1,306.0,Species,3.6,15.38,,Stanford,5.0,±5,OH,1186,±1,822,2.0,10.0,,,,0.0,2.0,0.0,0.0,9.0,0.0,0.0,0.0,0.0,0.0,6.0,20.0,0.0
97,122,n_Dodecane / Vasu_2010_thesis,N2,78.55,0.5,CCCCCCCCCCCC,0.57,306.0,Species,20.89,18.4,,Stanford,5.0,±5,OH,1082,±1,566,2.0,10.0,,,,0.0,2.0,0.0,0.0,9.0,0.0,0.0,0.0,0.0,0.0,6.0,20.0,0.0
98,258,aerosol_shock_tube / aerosol_shock_tube_low pressure / Second_generation_confo / Second_Generation_shock_tube ,N2,78.06,0.82,CCCCCCCCCCCC,0.94,430.0,Speceis,21.0,7.88,±9.3,Stanford,15.3,,CH,1050,±1,1034,2.0,10.0,,,,0.0,2.0,0.0,0.0,9.0,0.0,0.0,0.0,0.0,0.0,6.0,20.0,0.0
99,226,aerosol_shock_tube / aerosol_shock_tube_low pressure / Second_generation_confo / Second_Generation_shock_tube ,Ar,78.45,0.49,CCCCCCCCCCCC,0.55,430.0,Speceis,21.0,6.25,±9.3,Stanford,15.3,,CH,1107,±1,1200,2.0,10.0,,,,0.0,2.0,0.0,0.0,9.0,0.0,0.0,0.0,0.0,0.0,6.0,20.0,0.0
100,236,n_Dodecane / Vasu_2010_thesis,N2,96.2,0.5,CCCCCCCCCCCC,0.1,306.0,Species,3.7,16.57,,Stanford,5.0,±5,OH,1280,±1,195,2.0,10.0,,,,0.0,2.0,0.0,0.0,9.0,0.0,0.0,0.0,0.0,0.0,6.0,20.0,0.0
101,70,n_Dodecane / Vasu_2010_thesis,N2,78.11,1.0,CCCCCCCCCCCC,1.12,306.0,Species,20.77,33.7,,Stanford,5.0,±5,OH,1118,±1,183,2.0,10.0,,,,0.0,2.0,0.0,0.0,9.0,0.0,0.0,0.0,0.0,0.0,6.0,20.0,0.0
102,219,aerosol_shock_tube / aerosol_shock_tube_low pressure / Second_generation_confo / Second_Generation_shock_tube ,Ar,77.5,1.32,CCCCCCCCCCCC,1.5,430.0,Speceis,21.0,6.26,±9.3,Stanford,15.3,,CH,838,±1,5352,2.0,10.0,,,,0.0,2.0,0.0,0.0,9.0,0.0,0.0,0.0,0.0,0.0,6.0,20.0,0.0
103,279,aerosol_shock_tube / aerosol_shock_tube_low pressure / Second_generation_confo / Second_Generation_shock_tube ,Ar,77.84,1.02,CCCCCCCCCCCC,1.16,430.0,Speceis,21.0,5.05,±9.3,Stanford,15.3,,CH,954,±1,4169,2.0,10.0,,,,0.0,2.0,0.0,0.0,9.0,0.0,0.0,0.0,0.0,0.0,6.0,20.0,0.0
104,121,aerosol_shock_tube / aerosol_shock_tube_low pressure / Second_generation_confo / Second_Generation_shock_tube ,Ar,78.43,0.5,CCCCCCCCCCCC,0.57,430.0,Speceis,21.0,6.32,±9.3,Stanford,15.3,,CH,1086,±1,1422,2.0,10.0,,,,0.0,2.0,0.0,0.0,9.0,0.0,0.0,0.0,0.0,0.0,6.0,20.0,0.0
105,232,n_Dodecane / Vasu_2010_thesis,N2,78.11,1.0,CCCCCCCCCCCC,1.12,306.0,Species,20.77,19.8,,Stanford,5.0,±5,OH,957,±1,1064,2.0,10.0,,,,0.0,2.0,0.0,0.0,9.0,0.0,0.0,0.0,0.0,0.0,6.0,20.0,0.0
106,344,aerosol_shock_tube / aerosol_shock_tube_low pressure / Second_generation_confo / Second_Generation_shock_tube ,Ar,78.39,0.54,CCCCCCCCCCCC,0.61,430.0,Speceis,21.0,6.71,±9.3,Stanford,15.3,,CH,1045,±1,2753,2.0,10.0,,,,0.0,2.0,0.0,0.0,9.0,0.0,0.0,0.0,0.0,0.0,6.0,20.0,0.0
107,231,aerosol_shock_tube / aerosol_shock_tube_low pressure / Second_generation_confo / Second_Generation_shock_tube ,Ar,78.65,0.31,CCCCCCCCCCCC,0.35,430.0,Speceis,21.0,4.79,±9.3,Stanford,15.3,,CH,1241,±1,337,2.0,10.0,,,,0.0,2.0,0.0,0.0,9.0,0.0,0.0,0.0,0.0,0.0,6.0,20.0,0.0
108,29,aerosol_shock_tube / aerosol_shock_tube_low pressure / Second_generation_confo / Second_Generation_shock_tube ,Ar,77.2,1.59,CCCCCCCCCCCC,1.8,430.0,Speceis,21.0,6.31,±9.3,Stanford,15.3,,CH,939,±1,544,2.0,10.0,,,,0.0,2.0,0.0,0.0,9.0,0.0,0.0,0.0,0.0,0.0,6.0,20.0,0.0
109,323,aerosol_shock_tube / aerosol_shock_tube_low pressure / Second_generation_confo / Second_Generation_shock_tube ,Ar,78.32,0.6,CCCCCCCCCCCC,0.68,430.0,Speceis,21.0,4.23,±9.3,Stanford,15.3,,CH,993,±1,5732,2.0,10.0,,,,0.0,2.0,0.0,0.0,9.0,0.0,0.0,0.0,0.0,0.0,6.0,20.0,0.0
110,315,n_Dodecane_Nano,N2,99.17,1.0,CCCCCCCCCCCC,0.05,430.0,Speceis,0.78,2.25,,Stanford,15.3,,CH,1553,,276,2.0,10.0,,,,0.0,2.0,0.0,0.0,9.0,0.0,0.0,0.0,0.0,0.0,6.0,20.0,0.0
111,304,n_Dodecane_Nano,N2,99.2,1.0,CCCCCCCCCCCC,0.05,430.0,Speceis,0.75,2.37,,Stanford,15.3,,CH,1406,,571,2.0,10.0,,,,0.0,2.0,0.0,0.0,9.0,0.0,0.0,0.0,0.0,0.0,6.0,20.0,0.0
112,273,n_Dodecane / Vasu_2010_thesis,N2,78.55,0.5,CCCCCCCCCCCC,0.57,306.0,Species,20.89,21.0,,Stanford,5.0,±5,OH,1149,±1,261,2.0,10.0,,,,0.0,2.0,0.0,0.0,9.0,0.0,0.0,0.0,0.0,0.0,6.0,20.0,0.0
113,311,n_Dodecane_Nano,N2,78.43,0.5,CCCCCCCCCCCC,0.57,430.0,Speceis,21.0,6.7,,Stanford,15.3,,CH,1126,,1069,2.0,10.0,,,,0.0,2.0,0.0,0.0,9.0,0.0,0.0,0.0,0.0,0.0,6.0,20.0,0.0
114,253,aerosol_shock_tube / aerosol_shock_tube_low pressure / Second_generation_confo / Second_Generation_shock_tube ,Ar,78.13,0.77,CCCCCCCCCCCC,0.88,430.0,Speceis,21.0,4.57,±9.3,Stanford,15.3,,CH,1192,±1,246,2.0,10.0,,,,0.0,2.0,0.0,0.0,9.0,0.0,0.0,0.0,0.0,0.0,6.0,20.0,0.0
115,233,aerosol_shock_tube / aerosol_shock_tube_low pressure / Second_generation_confo / Second_Generation_shock_tube ,Ar,77.77,1.08,CCCCCCCCCCCC,1.23,430.0,Speceis,21.0,4.86,±9.3,Stanford,15.3,,CH,921,±1,6085,2.0,10.0,,,,0.0,2.0,0.0,0.0,9.0,0.0,0.0,0.0,0.0,0.0,6.0,20.0,0.0
116,299,n_Dodecane / Vasu_2010_thesis,N2,78.11,1.0,CCCCCCCCCCCC,1.12,306.0,Species,20.77,20.0,,Stanford,5.0,±5,OH,953,±1,1141,2.0,10.0,,,,0.0,2.0,0.0,0.0,9.0,0.0,0.0,0.0,0.0,0.0,6.0,20.0,0.0
117,208,n_Dodecane / Vasu_2010_thesis,N2,78.55,0.5,CCCCCCCCCCCC,0.57,306.0,Species,20.89,20.3,,Stanford,5.0,±5,OH,1118,±1,346,2.0,10.0,,,,0.0,2.0,0.0,0.0,9.0,0.0,0.0,0.0,0.0,0.0,6.0,20.0,0.0
118,287,aerosol_shock_tube / aerosol_shock_tube_low pressure / Second_generation_confo / Second_Generation_shock_tube ,Ar,78.75,0.22,CCCCCCCCCCCC,0.25,430.0,Speceis,21.0,4.93,±9.3,Stanford,15.3,,CH,1163,±1,1800,2.0,10.0,,,,0.0,2.0,0.0,0.0,9.0,0.0,0.0,0.0,0.0,0.0,6.0,20.0,0.0
119,237,aerosol_shock_tube / aerosol_shock_tube_low pressure / Second_generation_confo / Second_Generation_shock_tube ,Ar,78.41,0.52,CCCCCCCCCCCC,0.59,430.0,Speceis,21.0,6.4,±9.3,Stanford,15.3,,CH,1191,±1,550,2.0,10.0,,,,0.0,2.0,0.0,0.0,9.0,0.0,0.0,0.0,0.0,0.0,6.0,20.0,0.0
120,116,n_Dodecane / Vasu_2010_thesis,N2,96.3,0.5,CCCCCCCCCCCC,0.1,306.0,Species,3.6,15.77,,Stanford,5.0,±5,OH,1196,±1,701,2.0,10.0,,,,0.0,2.0,0.0,0.0,9.0,0.0,0.0,0.0,0.0,0.0,6.0,20.0,0.0
121,314,aerosol_shock_tube / aerosol_shock_tube_low pressure / Second_generation_confo / Second_Generation_shock_tube ,Ar,77.51,1.32,CCCCCCCCCCCC,1.49,430.0,Speceis,21.0,6.01,±9.3,Stanford,15.3,,CH,932,±1,1559,2.0,10.0,,,,0.0,2.0,0.0,0.0,9.0,0.0,0.0,0.0,0.0,0.0,6.0,20.0,0.0
122,265,n_Dodecane / Vasu_2010_thesis,N2,97.14,0.5,CCCCCCCCCCCC,0.08,306.0,Species,2.79,15.84,,Stanford,5.0,±5,OH,1222,±1,625,2.0,10.0,,,,0.0,2.0,0.0,0.0,9.0,0.0,0.0,0.0,0.0,0.0,6.0,20.0,0.0
123,256,n_Dodecane / Vasu_2010_thesis,N2,96.18,0.5,CCCCCCCCCCCC,0.1,306.0,Species,3.73,16.1,,Stanford,5.0,±5,OH,1219,±1,485,2.0,10.0,,,,0.0,2.0,0.0,0.0,9.0,0.0,0.0,0.0,0.0,0.0,6.0,20.0,0.0
124,210,aerosol_shock_tube / aerosol_shock_tube_low pressure / Second_generation_confo / Second_Generation_shock_tube ,Ar,78.94,0.05,CCCCCCCCCCCC,0.06,430.0,Speceis,21.0,5.34,±9.3,Stanford,15.3,,CH,1156,±1,1526,2.0,10.0,,,,0.0,2.0,0.0,0.0,9.0,0.0,0.0,0.0,0.0,0.0,6.0,20.0,0.0
125,238,aerosol_shock_tube / aerosol_shock_tube_low pressure / Second_generation_confo / Second_Generation_shock_tube ,Ar,78.0,0.88,CCCCCCCCCCCC,1.0,430.0,Speceis,21.0,4.49,±9.3,Stanford,15.3,,CH,976,±1,2555,2.0,10.0,,,,0.0,2.0,0.0,0.0,9.0,0.0,0.0,0.0,0.0,0.0,6.0,20.0,0.0
126,203,aerosol_shock_tube / aerosol_shock_tube_low pressure / Second_generation_confo / Second_Generation_shock_tube ,Ar,77.88,0.98,CCCCCCCCCCCC,1.12,430.0,Speceis,21.0,4.1,±9.3,Stanford,15.3,,CH,1061,±1,959,2.0,10.0,,,,0.0,2.0,0.0,0.0,9.0,0.0,0.0,0.0,0.0,0.0,6.0,20.0,0.0
127,201,aerosol_shock_tube / aerosol_shock_tube_low pressure / Second_generation_confo / Second_Generation_shock_tube ,Ar,77.76,1.09,CCCCCCCCCCCC,1.24,430.0,Speceis,21.0,4.98,±9.3,Stanford,15.3,,CH,932,±1,4627,2.0,10.0,,,,0.0,2.0,0.0,0.0,9.0,0.0,0.0,0.0,0.0,0.0,6.0,20.0,0.0
128,61,aerosol_shock_tube / aerosol_shock_tube_low pressure / Second_generation_confo / Second_Generation_shock_tube ,Ar,77.01,1.75,CCCCCCCCCCCC,1.99,430.0,Speceis,21.0,6.46,±9.3,Stanford,15.3,,CH,988,±1,260,2.0,10.0,,,,0.0,2.0,0.0,0.0,9.0,0.0,0.0,0.0,0.0,0.0,6.0,20.0,0.0
129,404,n_Dodecane / Vasu_2010_thesis,N2,78.11,1.0,CCCCCCCCCCCC,1.12,306.0,Species,20.77,25.9,,Stanford,5.0,±5,OH,855,±1,875,2.0,10.0,,,,0.0,2.0,0.0,0.0,9.0,0.0,0.0,0.0,0.0,0.0,6.0,20.0,0.0
130,262,n_Dodecane / Vasu_2010_thesis,N2,78.11,1.0,CCCCCCCCCCCC,1.12,306.0,Species,20.77,22.4,,Stanford,5.0,±5,OH,1008,±1,570,2.0,10.0,,,,0.0,2.0,0.0,0.0,9.0,0.0,0.0,0.0,0.0,0.0,6.0,20.0,0.0
131,58,n_Dodecane_Nano,N2,99.21,1.0,CCCCCCCCCCCC,0.05,430.0,Speceis,0.75,2.14,,Stanford,15.3,,CH,1583,,90,2.0,10.0,,,,0.0,2.0,0.0,0.0,9.0,0.0,0.0,0.0,0.0,0.0,6.0,20.0,0.0
132,205,aerosol_shock_tube / aerosol_shock_tube_low pressure / Second_generation_confo / Second_Generation_shock_tube ,Ar,78.93,0.06,CCCCCCCCCCCC,0.07,430.0,Speceis,21.0,5.2,±9.3,Stanford,15.3,,CH,1134,±1,2006,2.0,10.0,,,,0.0,2.0,0.0,0.0,9.0,0.0,0.0,0.0,0.0,0.0,6.0,20.0,0.0
133,290,n_Dodecane_Nano,N2,78.43,0.5,CCCCCCCCCCCC,0.57,430.0,Speceis,21.0,6.7,,Stanford,15.3,,CH,1175,,675,2.0,10.0,,,,0.0,2.0,0.0,0.0,9.0,0.0,0.0,0.0,0.0,0.0,6.0,20.0,0.0
134,241,aerosol_shock_tube / aerosol_shock_tube_low pressure / Second_generation_confo / Second_Generation_shock_tube ,Ar,78.43,0.5,CCCCCCCCCCCC,0.57,430.0,Speceis,21.0,6.18,±9.3,Stanford,15.3,,CH,1118,±1,1081,2.0,10.0,,,,0.0,2.0,0.0,0.0,9.0,0.0,0.0,0.0,0.0,0.0,6.0,20.0,0.0
135,300,n_Dodecane / Vasu_2010_thesis,N2,78.55,0.5,CCCCCCCCCCCC,0.57,306.0,Species,20.89,20.3,,Stanford,5.0,±5,OH,996,±1,1245,2.0,10.0,,,,0.0,2.0,0.0,0.0,9.0,0.0,0.0,0.0,0.0,0.0,6.0,20.0,0.0
136,224,n_Dodecane / Vasu_2010_thesis,N2,97.14,0.5,CCCCCCCCCCCC,0.08,306.0,Species,2.79,14.98,,Stanford,5.0,±5,OH,1192,±1,1056,2.0,10.0,,,,0.0,2.0,0.0,0.0,9.0,0.0,0.0,0.0,0.0,0.0,6.0,20.0,0.0
137,399,n_Dodecane / Vasu_2010_thesis,N2,78.11,1.0,CCCCCCCCCCCC,1.12,306.0,Species,20.77,19.4,,Stanford,5.0,±5,OH,1087,±1,403,2.0,10.0,,,,0.0,2.0,0.0,0.0,9.0,0.0,0.0,0.0,0.0,0.0,6.0,20.0,0.0
138,107,aerosol_shock_tube / aerosol_shock_tube_low pressure / Second_generation_confo / Second_Generation_shock_tube ,Ar,78.43,0.5,CCCCCCCCCCCC,0.57,430.0,Speceis,21.0,4.01,±9.3,Stanford,15.3,,CH,1146,±1,1027,2.0,10.0,,,,0.0,2.0,0.0,0.0,9.0,0.0,0.0,0.0,0.0,0.0,6.0,20.0,0.0
139,103,aerosol_shock_tube / aerosol_shock_tube_low pressure / Second_generation_confo / Second_Generation_shock_tube ,Ar,78.66,0.3,CCCCCCCCCCCC,0.34,430.0,Speceis,21.0,5.06,±9.3,Stanford,15.3,,CH,1192,±1,1110,2.0,10.0,,,,0.0,2.0,0.0,0.0,9.0,0.0,0.0,0.0,0.0,0.0,6.0,20.0,0.0
140,324,n_Dodecane / Vasu_2010_thesis,N2,78.55,0.5,CCCCCCCCCCCC,0.57,306.0,Species,20.89,22.7,,Stanford,5.0,±5,OH,910,±1,2134,2.0,10.0,,,,0.0,2.0,0.0,0.0,9.0,0.0,0.0,0.0,0.0,0.0,6.0,20.0,0.0
141,105,n_Dodecane / Vasu_2010_thesis,N2,78.55,0.5,CCCCCCCCCCCC,0.57,306.0,Species,20.89,21.0,,Stanford,5.0,±5,OH,1039,±1,826,2.0,10.0,,,,0.0,2.0,0.0,0.0,9.0,0.0,0.0,0.0,0.0,0.0,6.0,20.0,0.0
142,186,Autoignition_ n_Alkane / Horning_2001_thesis,Ar,86.0,0.5,CCCC,1.0,431.0,Speceis,13.0,1.14,±1,Stanford,15.3,±5,CH,1352,±1,307,2.0,2.0,,,,0.0,2.0,0.0,0.0,1.0,0.0,0.0,0.0,0.0,0.0,6.0,4.0,0.0
143,190,C1_C4_Alkanes,Ar,92.86,1.0,CCCC,0.95,430.0,Speceis,6.19,1.24,,Xi’an_Jiaotong,11.5,±2.36,CH,1450,±3,267,2.0,2.0,,,,0.0,2.0,0.0,0.0,1.0,0.0,0.0,0.0,0.0,0.0,6.0,4.0,0.0
144,389,Autoignition_ n_Alkane / Horning_2001_thesis,Ar,92.5,1.0,CCCC,1.0,431.0,Speceis,6.5,2.02,±1,Stanford,15.3,±5,CH,1445,±1,186,2.0,2.0,,,,0.0,2.0,0.0,0.0,1.0,0.0,0.0,0.0,0.0,0.0,6.0,4.0,0.0
145,176,Autoignition_ n_Alkane / Horning_2001_thesis,Ar,95.75,2.0,CCCC,1.0,431.0,Speceis,3.25,1.03,±1,Stanford,15.3,±5,CH,1666,±1,177,2.0,2.0,,,,0.0,2.0,0.0,0.0,1.0,0.0,0.0,0.0,0.0,0.0,6.0,4.0,0.0
146,151,Autoignition_ n_Alkane / Horning_2001_thesis,Ar,96.25,1.0,CCCC,0.5,431.0,Speceis,3.25,1.18,±1,Stanford,15.3,±5,CH,1513,±1,186,2.0,2.0,,,,0.0,2.0,0.0,0.0,1.0,0.0,0.0,0.0,0.0,0.0,6.0,4.0,0.0
147,66,Autoignition_ n_Alkane / Horning_2001_thesis,Ar,85.0,1.0,CCCC,2.0,431.0,Speceis,13.0,1.19,±1,Stanford,15.3,±5,CH,1490,±1,100,2.0,2.0,,,,0.0,2.0,0.0,0.0,1.0,0.0,0.0,0.0,0.0,0.0,6.0,4.0,0.0
148,24,n_Alkane_Oxidation,Ar,99.63,1.0,CCCC,0.05,306.7,Speceis,0.33,2.06,,Stanford,8.9,±5,OH,1598,,144,2.0,2.0,,,,0.0,2.0,0.0,0.0,1.0,0.0,0.0,0.0,0.0,0.0,6.0,4.0,0.0
149,397,C1_C4_Alkanes,Ar,92.86,1.0,CCCC,0.95,430.0,Speceis,6.19,5.32,,Xi’an_Jiaotong,11.5,±2.36,CH,1477,±3,93,2.0,2.0,,,,0.0,2.0,0.0,0.0,1.0,0.0,0.0,0.0,0.0,0.0,6.0,4.0,0.0
150,147,Autoignition_ n_Alkane / Horning_2001_thesis,Ar,92.5,1.0,CCCC,1.0,431.0,Speceis,6.5,1.2,±1,Stanford,15.3,±5,CH,1478,±1,171,2.0,2.0,,,,0.0,2.0,0.0,0.0,1.0,0.0,0.0,0.0,0.0,0.0,6.0,4.0,0.0
151,19,Autoignition_ n_Alkane / Horning_2001_thesis,Ar,85.0,1.0,CCCC,2.0,431.0,Speceis,13.0,1.16,±1,Stanford,15.3,±5,CH,1517,±1,83,2.0,2.0,,,,0.0,2.0,0.0,0.0,1.0,0.0,0.0,0.0,0.0,0.0,6.0,4.0,0.0
152,369,C1_C4_Alkanes,Ar,92.86,1.0,CCCC,0.95,430.0,Speceis,6.19,5.5,,Xi’an_Jiaotong,11.5,±2.36,CH,1355,±3,322,2.0,2.0,,,,0.0,2.0,0.0,0.0,1.0,0.0,0.0,0.0,0.0,0.0,6.0,4.0,0.0
153,161,Autoignition_ n_Alkane / Horning_2001_thesis,Ar,96.25,1.0,CCCC,0.5,431.0,Speceis,3.25,1.37,±1,Stanford,15.3,±5,CH,1546,±1,136,2.0,2.0,,,,0.0,2.0,0.0,0.0,1.0,0.0,0.0,0.0,0.0,0.0,6.0,4.0,0.0
154,388,Autoignition_ n_Alkane / Horning_2001_thesis,Ar,95.75,2.0,CCCC,1.0,431.0,Speceis,3.25,1.08,±1,Stanford,15.3,±5,CH,1734,±1,105,2.0,2.0,,,,0.0,2.0,0.0,0.0,1.0,0.0,0.0,0.0,0.0,0.0,6.0,4.0,0.0
155,366,Autoignition_ n_Alkane / Horning_2001_thesis,Ar,95.75,2.0,CCCC,1.0,431.0,Speceis,3.25,1.13,±1,Stanford,15.3,±5,CH,1577,±1,304,2.0,2.0,,,,0.0,2.0,0.0,0.0,1.0,0.0,0.0,0.0,0.0,0.0,6.0,4.0,0.0
156,164,Autoignition_ n_Alkane / Horning_2001_thesis,Ar,92.5,1.0,CCCC,1.0,431.0,Speceis,6.5,1.17,±1,Stanford,15.3,±5,CH,1409,±1,390,2.0,2.0,,,,0.0,2.0,0.0,0.0,1.0,0.0,0.0,0.0,0.0,0.0,6.0,4.0,0.0
157,382,C1_C4_Alkanes,Ar,92.86,1.0,CCCC,0.95,430.0,Speceis,6.19,1.49,,Xi’an_Jiaotong,11.5,±2.36,CH,1386,±3,485,2.0,2.0,,,,0.0,2.0,0.0,0.0,1.0,0.0,0.0,0.0,0.0,0.0,6.0,4.0,0.0
158,163,C1_C4_Alkanes,Ar,92.86,1.0,CCCC,0.95,430.0,Speceis,6.19,5.42,,Xi’an_Jiaotong,11.5,±2.36,CH,1543,±3,46,2.0,2.0,,,,0.0,2.0,0.0,0.0,1.0,0.0,0.0,0.0,0.0,0.0,6.0,4.0,0.0
159,352,Autoignition_ n_Alkane / Horning_2001_thesis,Ar,95.75,2.0,CCCC,1.0,431.0,Speceis,3.25,1.07,±1,Stanford,15.3,±5,CH,1541,±1,441,2.0,2.0,,,,0.0,2.0,0.0,0.0,1.0,0.0,0.0,0.0,0.0,0.0,6.0,4.0,0.0
160,26,Autoignition_ n_Alkane / Horning_2001_thesis,Ar,86.0,0.5,CCCC,1.0,431.0,Speceis,13.0,1.08,±1,Stanford,15.3,±5,CH,1422,±1,131,2.0,2.0,,,,0.0,2.0,0.0,0.0,1.0,0.0,0.0,0.0,0.0,0.0,6.0,4.0,0.0
161,391,C1_C4_Alkanes,Ar,92.86,1.0,CCCC,0.95,430.0,Speceis,6.19,1.39,,Xi’an_Jiaotong,11.5,±2.36,CH,1332,±3,797,2.0,2.0,,,,0.0,2.0,0.0,0.0,1.0,0.0,0.0,0.0,0.0,0.0,6.0,4.0,0.0
162,140,Autoignition_ n_Alkane / Horning_2001_thesis,Ar,92.5,1.0,CCCC,1.0,431.0,Speceis,6.5,1.14,±1,Stanford,15.3,±5,CH,1447,±1,244,2.0,2.0,,,,0.0,2.0,0.0,0.0,1.0,0.0,0.0,0.0,0.0,0.0,6.0,4.0,0.0
163,172,Autoignition_ n_Alkane / Horning_2001_thesis,Ar,92.5,1.0,CCCC,1.0,431.0,Speceis,6.5,1.19,±1,Stanford,15.3,±5,CH,1405,±1,415,2.0,2.0,,,,0.0,2.0,0.0,0.0,1.0,0.0,0.0,0.0,0.0,0.0,6.0,4.0,0.0
164,179,Autoignition_ n_Alkane / Horning_2001_thesis,Ar,92.5,1.0,CCCC,1.0,431.0,Speceis,6.5,3.81,±1,Stanford,15.3,±5,CH,1399,±1,243,2.0,2.0,,,,0.0,2.0,0.0,0.0,1.0,0.0,0.0,0.0,0.0,0.0,6.0,4.0,0.0
165,376,Autoignition_ n_Alkane / Horning_2001_thesis,Ar,85.0,1.0,CCCC,2.0,431.0,Speceis,13.0,1.15,±1,Stanford,15.3,±5,CH,1434,±1,180,2.0,2.0,,,,0.0,2.0,0.0,0.0,1.0,0.0,0.0,0.0,0.0,0.0,6.0,4.0,0.0
166,85,Autoignition_ n_Alkane / Horning_2001_thesis,Ar,96.25,1.0,CCCC,0.5,431.0,Speceis,3.25,1.17,±1,Stanford,15.3,±5,CH,1561,±1,131,2.0,2.0,,,,0.0,2.0,0.0,0.0,1.0,0.0,0.0,0.0,0.0,0.0,6.0,4.0,0.0
167,360,C1_C4_Alkanes,Ar,92.86,1.0,CCCC,0.95,430.0,Speceis,6.19,5.44,,Xi’an_Jiaotong,11.5,±2.36,CH,1230,±3,1457,2.0,2.0,,,,0.0,2.0,0.0,0.0,1.0,0.0,0.0,0.0,0.0,0.0,6.0,4.0,0.0
168,383,Autoignition_ n_Alkane / Horning_2001_thesis,Ar,92.5,1.0,CCCC,1.0,431.0,Speceis,6.5,1.99,±1,Stanford,15.3,±5,CH,1407,±1,297,2.0,2.0,,,,0.0,2.0,0.0,0.0,1.0,0.0,0.0,0.0,0.0,0.0,6.0,4.0,0.0
169,364,Autoignition_ n_Alkane / Horning_2001_thesis,Ar,95.75,2.0,CCCC,1.0,431.0,Speceis,3.25,1.13,±1,Stanford,15.3,±5,CH,1618,±1,218,2.0,2.0,,,,0.0,2.0,0.0,0.0,1.0,0.0,0.0,0.0,0.0,0.0,6.0,4.0,0.0
170,381,Autoignition_ n_Alkane / Horning_2001_thesis,Ar,92.5,1.0,CCCC,1.0,431.0,Speceis,6.5,1.32,±1,Stanford,15.3,±5,CH,1483,±1,161,2.0,2.0,,,,0.0,2.0,0.0,0.0,1.0,0.0,0.0,0.0,0.0,0.0,6.0,4.0,0.0
171,129,Autoignition_ n_Alkane / Horning_2001_thesis,Ar,85.0,1.0,CCCC,2.0,431.0,Speceis,13.0,1.15,±1,Stanford,15.3,±5,CH,1455,±1,149,2.0,2.0,,,,0.0,2.0,0.0,0.0,1.0,0.0,0.0,0.0,0.0,0.0,6.0,4.0,0.0
172,401,Autoignition_ n_Alkane / Horning_2001_thesis,Ar,86.0,0.5,CCCC,1.0,431.0,Speceis,13.0,1.12,±1,Stanford,15.3,±5,CH,1389,±1,204,2.0,2.0,,,,0.0,2.0,0.0,0.0,1.0,0.0,0.0,0.0,0.0,0.0,6.0,4.0,0.0
173,372,C1_C4_Alkanes,Ar,92.86,1.0,CCCC,0.95,430.0,Speceis,6.19,1.25,,Xi’an_Jiaotong,11.5,±2.36,CH,1253,±3,1791,2.0,2.0,,,,0.0,2.0,0.0,0.0,1.0,0.0,0.0,0.0,0.0,0.0,6.0,4.0,0.0
174,83,Autoignition_ n_Alkane / Horning_2001_thesis,Ar,96.25,1.0,CCCC,0.5,431.0,Speceis,3.25,1.33,±1,Stanford,15.3,±5,CH,1532,±1,156,2.0,2.0,,,,0.0,2.0,0.0,0.0,1.0,0.0,0.0,0.0,0.0,0.0,6.0,4.0,0.0
175,357,C1_C4_Alkanes,Ar,92.86,1.0,CCCC,0.95,430.0,Speceis,6.19,1.24,,Xi’an_Jiaotong,11.5,±2.36,CH,1250,±3,1898,2.0,2.0,,,,0.0,2.0,0.0,0.0,1.0,0.0,0.0,0.0,0.0,0.0,6.0,4.0,0.0
176,89,C1_C4_Alkanes,Ar,92.86,1.0,CCCC,0.95,430.0,Speceis,6.19,5.3,,Xi’an_Jiaotong,11.5,±2.36,CH,1400,±3,199,2.0,2.0,,,,0.0,2.0,0.0,0.0,1.0,0.0,0.0,0.0,0.0,0.0,6.0,4.0,0.0
177,338,C1_C4_Alkanes,Ar,92.86,1.0,CCCC,0.95,430.0,Speceis,6.19,5.46,,Xi’an_Jiaotong,11.5,±2.36,CH,1281,±3,814,2.0,2.0,,,,0.0,2.0,0.0,0.0,1.0,0.0,0.0,0.0,0.0,0.0,6.0,4.0,0.0
178,215,Autoignition_ n_Alkane / Horning_2001_thesis,Ar,96.25,1.0,CCCC,0.5,431.0,Speceis,3.25,1.2,±1,Stanford,15.3,±5,CH,1478,±1,275,2.0,2.0,,,,0.0,2.0,0.0,0.0,1.0,0.0,0.0,0.0,0.0,0.0,6.0,4.0,0.0
179,321,Autoignition_ n_Alkane / Horning_2001_thesis,Ar,92.5,1.0,CCCC,1.0,431.0,Speceis,6.5,1.97,±1,Stanford,15.3,±5,CH,1468,±1,150,2.0,2.0,,,,0.0,2.0,0.0,0.0,1.0,0.0,0.0,0.0,0.0,0.0,6.0,4.0,0.0
180,268,Autoignition_ n_Alkane / Horning_2001_thesis,Ar,92.5,1.0,CCCC,1.0,431.0,Speceis,6.5,1.14,±1,Stanford,15.3,±5,CH,1499,±1,151,2.0,2.0,,,,0.0,2.0,0.0,0.0,1.0,0.0,0.0,0.0,0.0,0.0,6.0,4.0,0.0
181,291,Autoignition_ n_Alkane / Horning_2001_thesis,Ar,92.5,1.0,CCCC,1.0,431.0,Speceis,6.5,1.18,±1,Stanford,15.3,±5,CH,1405,±1,420,2.0,2.0,,,,0.0,2.0,0.0,0.0,1.0,0.0,0.0,0.0,0.0,0.0,6.0,4.0,0.0
182,339,Autoignition_ n_Alkane / Horning_2001_thesis,Ar,95.75,2.0,CCCC,1.0,431.0,Speceis,3.25,1.06,±1,Stanford,15.3,±5,CH,1627,±1,220,2.0,2.0,,,,0.0,2.0,0.0,0.0,1.0,0.0,0.0,0.0,0.0,0.0,6.0,4.0,0.0
183,88,Autoignition_ n_Alkane / Horning_2001_thesis,Ar,85.0,1.0,CCCC,2.0,431.0,Speceis,13.0,1.17,±1,Stanford,15.3,±5,CH,1432,±1,179,2.0,2.0,,,,0.0,2.0,0.0,0.0,1.0,0.0,0.0,0.0,0.0,0.0,6.0,4.0,0.0
184,316,C1_C4_Alkanes,Ar,92.86,1.0,CCCC,0.95,430.0,Speceis,6.19,1.23,,Xi’an_Jiaotong,11.5,±2.36,CH,1511,±3,155,2.0,2.0,,,,0.0,2.0,0.0,0.0,1.0,0.0,0.0,0.0,0.0,0.0,6.0,4.0,0.0
185,212,Autoignition_ n_Alkane / Horning_2001_thesis,Ar,92.5,1.0,CCCC,1.0,431.0,Speceis,6.5,3.8,±1,Stanford,15.3,±5,CH,1415,±1,189,2.0,2.0,,,,0.0,2.0,0.0,0.0,1.0,0.0,0.0,0.0,0.0,0.0,6.0,4.0,0.0
186,235,Autoignition_ n_Alkane / Horning_2001_thesis,Ar,92.5,1.0,CCCC,1.0,431.0,Speceis,6.5,2.03,±1,Stanford,15.3,±5,CH,1400,±1,335,2.0,2.0,,,,0.0,2.0,0.0,0.0,1.0,0.0,0.0,0.0,0.0,0.0,6.0,4.0,0.0
187,266,Autoignition_ n_Alkane / Horning_2001_thesis,Ar,92.5,1.0,CCCC,1.0,431.0,Speceis,6.5,2.0,±1,Stanford,15.3,±5,CH,1454,±1,170,2.0,2.0,,,,0.0,2.0,0.0,0.0,1.0,0.0,0.0,0.0,0.0,0.0,6.0,4.0,0.0
188,27,Autoignition_ n_Alkane / Horning_2001_thesis,Ar,86.0,0.5,CCCC,1.0,431.0,Speceis,13.0,1.07,±1,Stanford,15.3,±5,CH,1453,±1,96,2.0,2.0,,,,0.0,2.0,0.0,0.0,1.0,0.0,0.0,0.0,0.0,0.0,6.0,4.0,0.0
189,65,C1_C4_Alkanes,Ar,92.86,1.0,CCCC,0.95,430.0,Speceis,6.19,1.24,,Xi’an_Jiaotong,11.5,±2.36,CH,1585,±3,70,2.0,2.0,,,,0.0,2.0,0.0,0.0,1.0,0.0,0.0,0.0,0.0,0.0,6.0,4.0,0.0
190,3,Autoignition_ n_Alkane / Horning_2001_thesis,Ar,92.5,1.0,CCCC,1.0,431.0,Speceis,6.5,1.13,±1,Stanford,15.3,±5,CH,1557,±1,87,2.0,2.0,,,,0.0,2.0,0.0,0.0,1.0,0.0,0.0,0.0,0.0,0.0,6.0,4.0,0.0
191,127,C1_C4_Alkanes,Ar,92.86,1.0,CCCC,0.95,430.0,Speceis,6.19,1.23,,Xi’an_Jiaotong,11.5,±2.36,CH,1276,±3,1432,2.0,2.0,,,,0.0,2.0,0.0,0.0,1.0,0.0,0.0,0.0,0.0,0.0,6.0,4.0,0.0
192,406,Autoignition_ n_Alkane / Horning_2001_thesis,Ar,86.0,0.5,CCCC,1.0,431.0,Speceis,13.0,1.11,±1,Stanford,15.3,±5,CH,1385,±1,206,2.0,2.0,,,,0.0,2.0,0.0,0.0,1.0,0.0,0.0,0.0,0.0,0.0,6.0,4.0,0.0
193,95,Autoignition_ n_Alkane / Horning_2001_thesis,Ar,92.5,1.0,CCCC,1.0,431.0,Speceis,6.5,3.75,±1,Stanford,15.3,±5,CH,1433,±1,151,2.0,2.0,,,,0.0,2.0,0.0,0.0,1.0,0.0,0.0,0.0,0.0,0.0,6.0,4.0,0.0
194,353,Lam_2013_thesis / Normal_Alkanes_and_Simple_Oxygenates,Ar,95.5,1.0,CCCCC,0.5,306.0,Species,4.0,3.61,±1,Stanford,14.13,±3,OH,1303,±0.7,832,2.0,3.0,,,,0.0,2.0,0.0,0.0,2.0,0.0,0.0,0.0,0.0,0.0,6.0,6.0,0.0
195,396,Lam_2013_thesis / Normal_Alkanes_and_Simple_Oxygenates,Ar,95.5,1.0,CCCCC,0.5,306.0,Species,4.0,3.41,±1,Stanford,14.13,±3,OH,1449,±0.7,162,2.0,3.0,,,,0.0,2.0,0.0,0.0,2.0,0.0,0.0,0.0,0.0,0.0,6.0,6.0,0.0
196,371,Lam_2013_thesis / Normal_Alkanes_and_Simple_Oxygenates,Ar,95.5,1.0,CCCCC,0.5,306.0,Species,4.0,3.75,±1,Stanford,14.13,±3,OH,1261,±0.7,1455,2.0,3.0,,,,0.0,2.0,0.0,0.0,2.0,0.0,0.0,0.0,0.0,0.0,6.0,6.0,0.0
197,351,Lam_2013_thesis / Normal_Alkanes_and_Simple_Oxygenates,Ar,95.5,1.0,CCCCC,0.5,306.0,Species,4.0,3.61,±1,Stanford,14.13,±3,OH,1268,±0.7,1296,2.0,3.0,,,,0.0,2.0,0.0,0.0,2.0,0.0,0.0,0.0,0.0,0.0,6.0,6.0,0.0
198,53,Lam_2013_thesis / Normal_Alkanes_and_Simple_Oxygenates,Ar,95.75,0.5,CCCCC,0.25,306.0,Species,4.0,1.62,±1,Stanford,14.13,±3,OH,1428,±0.7,153,2.0,3.0,,,,0.0,2.0,0.0,0.0,2.0,0.0,0.0,0.0,0.0,0.0,6.0,6.0,0.0
199,81,Lam_2013_thesis / Normal_Alkanes_and_Simple_Oxygenates,Ar,95.75,0.5,CCCCC,0.25,306.0,Species,4.0,1.73,±1,Stanford,14.13,±3,OH,1263,±0.7,1391,2.0,3.0,,,,0.0,2.0,0.0,0.0,2.0,0.0,0.0,0.0,0.0,0.0,6.0,6.0,0.0
200,280,Lam_2013_thesis / Normal_Alkanes_and_Simple_Oxygenates,Ar,95.5,1.0,CCCCC,0.5,306.0,Species,4.0,1.91,±1,Stanford,14.13,±3,OH,1360,±0.7,603,2.0,3.0,,,,0.0,2.0,0.0,0.0,2.0,0.0,0.0,0.0,0.0,0.0,6.0,6.0,0.0
201,350,Lam_2013_thesis / Normal_Alkanes_and_Simple_Oxygenates,Ar,95.5,1.0,CCCCC,0.5,306.0,Species,4.0,1.95,±1,Stanford,14.13,±3,OH,1304,±0.7,1227,2.0,3.0,,,,0.0,2.0,0.0,0.0,2.0,0.0,0.0,0.0,0.0,0.0,6.0,6.0,0.0
202,72,Lam_2013_thesis / Normal_Alkanes_and_Simple_Oxygenates,Ar,95.5,1.0,CCCCC,0.5,306.0,Species,4.0,1.74,±1,Stanford,14.13,±3,OH,1489,±0.7,145,2.0,3.0,,,,0.0,2.0,0.0,0.0,2.0,0.0,0.0,0.0,0.0,0.0,6.0,6.0,0.0
203,329,Lam_2013_thesis / Normal_Alkanes_and_Simple_Oxygenates,Ar,95.5,1.0,CCCCC,0.5,306.0,Species,4.0,2.0,±1,Stanford,14.13,±3,OH,1267,±0.7,1845,2.0,3.0,,,,0.0,2.0,0.0,0.0,2.0,0.0,0.0,0.0,0.0,0.0,6.0,6.0,0.0
204,14,Lam_2013_thesis / Normal_Alkanes_and_Simple_Oxygenates,Ar,95.75,0.5,CCCCC,0.25,306.0,Species,4.0,1.75,±1,Stanford,14.13,±3,OH,1397,±0.7,232,2.0,3.0,,,,0.0,2.0,0.0,0.0,2.0,0.0,0.0,0.0,0.0,0.0,6.0,6.0,0.0
205,117,Lam_2013_thesis / Normal_Alkanes_and_Simple_Oxygenates,Ar,95.5,1.0,CCCCC,0.5,306.0,Species,4.0,3.47,±1,Stanford,14.13,±3,OH,1395,±0.7,316,2.0,3.0,,,,0.0,2.0,0.0,0.0,2.0,0.0,0.0,0.0,0.0,0.0,6.0,6.0,0.0
206,128,Horning_2001_thesis / Autoignition_ n_Alkane,Ar,95.2,1.0,CCCCCCC,0.4,431.0,Species,4.4,5.68,,Stanford,15.3,±5,CH,1375,±1,271,2.0,5.0,,,,0.0,2.0,0.0,0.0,4.0,0.0,0.0,0.0,0.0,0.0,6.0,10.0,0.0
207,30,Horning_2001_thesis / Autoignition_ n_Alkane,Ar,95.24,0.9,CCCCCCC,0.36,431.0,Species,4.4,1.25,,Stanford,15.3,±5,CH,1476,±1,163,2.0,5.0,,,,0.0,2.0,0.0,0.0,4.0,0.0,0.0,0.0,0.0,0.0,6.0,10.0,0.0
208,100,Horning_2001_thesis / Autoignition_ n_Alkane,Ar,95.2,1.0,CCCCCCC,0.4,431.0,Species,4.4,2.14,,Stanford,15.3,±5,CH,1412,±1,265,2.0,5.0,,,,0.0,2.0,0.0,0.0,4.0,0.0,0.0,0.0,0.0,0.0,6.0,10.0,0.0
209,356,Horning_2001_thesis / Autoignition_ n_Alkane,Ar,97.4,2.0,CCCCCCC,0.4,431.0,Species,2.2,1.26,,Stanford,15.3,±5,CH,1529,±1,442,2.0,5.0,,,,0.0,2.0,0.0,0.0,4.0,0.0,0.0,0.0,0.0,0.0,6.0,10.0,0.0
210,380,Horning_2001_thesis / Autoignition_ n_Alkane,Ar,95.2,1.0,CCCCCCC,0.4,431.0,Species,4.4,4.11,,Stanford,15.3,±5,CH,1463,±1,103,2.0,5.0,,,,0.0,2.0,0.0,0.0,4.0,0.0,0.0,0.0,0.0,0.0,6.0,10.0,0.0
211,362,Horning_2001_thesis / Autoignition_ n_Alkane,Ar,92.2,2.0,CCCCCCC,1.2,431.0,Species,6.6,1.2,,Stanford,15.3,±5,CH,1423,±1,486,2.0,5.0,,,,0.0,2.0,0.0,0.0,4.0,0.0,0.0,0.0,0.0,0.0,6.0,10.0,0.0
212,135,Horning_2001_thesis / Autoignition_ n_Alkane,Ar,95.2,1.0,CCCCCCC,0.4,431.0,Species,4.4,2.13,,Stanford,15.3,±5,CH,1455,±1,165,2.0,5.0,,,,0.0,2.0,0.0,0.0,4.0,0.0,0.0,0.0,0.0,0.0,6.0,10.0,0.0
213,395,Horning_2001_thesis / Autoignition_ n_Alkane,Ar,95.2,1.0,CCCCCCC,0.4,431.0,Species,4.4,4.22,,Stanford,15.3,±5,CH,1394,±1,227,2.0,5.0,,,,0.0,2.0,0.0,0.0,4.0,0.0,0.0,0.0,0.0,0.0,6.0,10.0,0.0
214,187,Horning_2001_thesis / Autoignition_ n_Alkane,Ar,90.4,1.0,CCCCCCC,0.8,431.0,Species,8.8,1.17,,Stanford,15.3,±5,CH,1426,±1,208,2.0,5.0,,,,0.0,2.0,0.0,0.0,4.0,0.0,0.0,0.0,0.0,0.0,6.0,10.0,0.0
215,82,Horning_2001_thesis / Autoignition_ n_Alkane,Ar,90.0,1.5,CCCCCCC,1.2,431.0,Species,8.8,1.23,,Stanford,15.3,±5,CH,1461,±1,189,2.0,5.0,,,,0.0,2.0,0.0,0.0,4.0,0.0,0.0,0.0,0.0,0.0,6.0,10.0,0.0
216,52,blend_surrogate_fuels,N2,77.53,1.0,CCCCCCC,1.87,306.7,Species,20.6,60.6,,Stanford,5.0,,OH,926,±1.8,233,2.0,5.0,,,,0.0,2.0,0.0,0.0,4.0,0.0,0.0,0.0,0.0,0.0,6.0,10.0,0.0
217,12,Horning_2001_thesis / Autoignition_ n_Alkane,Ar,90.8,0.5,CCCCCCC,0.4,431.0,Species,8.8,1.23,,Stanford,15.3,±5,CH,1396,±1,161,2.0,5.0,,,,0.0,2.0,0.0,0.0,4.0,0.0,0.0,0.0,0.0,0.0,6.0,10.0,0.0
218,16,blend_surrogate_fuels,N2,77.53,1.0,CCCCCCC,1.87,306.7,Species,20.6,19.92,,Stanford,5.0,,OH,850,±1.8,1653,2.0,5.0,,,,0.0,2.0,0.0,0.0,4.0,0.0,0.0,0.0,0.0,0.0,6.0,10.0,0.0
219,44,Horning_2001_thesis / Autoignition_ n_Alkane,Ar,90.8,0.5,CCCCCCC,0.4,431.0,Species,8.8,1.2,,Stanford,15.3,±5,CH,1455,±1,86,2.0,5.0,,,,0.0,2.0,0.0,0.0,4.0,0.0,0.0,0.0,0.0,0.0,6.0,10.0,0.0
220,25,n_Alkane_Oxidation,Ar,99.64,1.0,CCCCCCC,0.03,306.7,Species,0.33,3.8,,Stanford,8.9,±5,OH,1649,,73,2.0,5.0,,,,0.0,2.0,0.0,0.0,4.0,0.0,0.0,0.0,0.0,0.0,6.0,10.0,0.0
221,152,blend_surrogate_fuels,N2,77.53,1.0,CCCCCCC,1.87,306.7,Species,20.6,10.25,,Stanford,5.0,,OH,1299,±1.8,122,2.0,5.0,,,,0.0,2.0,0.0,0.0,4.0,0.0,0.0,0.0,0.0,0.0,6.0,10.0,0.0
222,36,blend_surrogate_fuels,N2,77.53,1.0,CCCCCCC,1.87,306.7,Species,20.6,20.0,,Stanford,5.0,,OH,806,±1.8,1377,2.0,5.0,,,,0.0,2.0,0.0,0.0,4.0,0.0,0.0,0.0,0.0,0.0,6.0,10.0,0.0
223,182,Horning_2001_thesis / Autoignition_ n_Alkane,Ar,78.55,1.0,CCCCCCC,1.75,431.0,Species,19.7,1.16,,Stanford,15.3,±5,CH,1330,±1,382,2.0,5.0,,,,0.0,2.0,0.0,0.0,4.0,0.0,0.0,0.0,0.0,0.0,6.0,10.0,0.0
224,142,Horning_2001_thesis / Autoignition_ n_Alkane,Ar,90.0,1.5,CCCCCCC,1.2,431.0,Species,8.8,1.29,,Stanford,15.3,±5,CH,1411,±1,311,2.0,5.0,,,,0.0,2.0,0.0,0.0,4.0,0.0,0.0,0.0,0.0,0.0,6.0,10.0,0.0
225,169,Horning_2001_thesis / Autoignition_ n_Alkane,Ar,95.2,1.0,CCCCCCC,0.4,431.0,Species,4.4,2.15,,Stanford,15.3,±5,CH,1434,±1,205,2.0,5.0,,,,0.0,2.0,0.0,0.0,4.0,0.0,0.0,0.0,0.0,0.0,6.0,10.0,0.0
226,153,Horning_2001_thesis / Autoignition_ n_Alkane,Ar,92.2,2.0,CCCCCCC,1.2,431.0,Species,6.6,1.21,,Stanford,15.3,±5,CH,1516,±1,205,2.0,5.0,,,,0.0,2.0,0.0,0.0,4.0,0.0,0.0,0.0,0.0,0.0,6.0,10.0,0.0
227,17,blend_surrogate_fuels,N2,77.53,1.0,CCCCCCC,1.87,306.7,Species,20.6,60.0,,Stanford,5.0,,OH,923,±1.8,244,2.0,5.0,,,,0.0,2.0,0.0,0.0,4.0,0.0,0.0,0.0,0.0,0.0,6.0,10.0,0.0
228,385,blend_surrogate_fuels,N2,77.53,1.0,CCCCCCC,1.87,306.7,Species,20.6,54.2,,Stanford,5.0,,OH,1023,±1.8,261,2.0,5.0,,,,0.0,2.0,0.0,0.0,4.0,0.0,0.0,0.0,0.0,0.0,6.0,10.0,0.0
229,159,blend_surrogate_fuels,N2,77.53,1.0,CCCCCCC,1.87,306.7,Species,20.6,50.0,,Stanford,5.0,,OH,1057,±1.8,194,2.0,5.0,,,,0.0,2.0,0.0,0.0,4.0,0.0,0.0,0.0,0.0,0.0,6.0,10.0,0.0
230,2,Horning_2001_thesis / Autoignition_ n_Alkane,Ar,95.2,1.0,CCCCCCC,0.4,431.0,Species,4.4,2.06,,Stanford,15.3,±5,CH,1503,±1,100,2.0,5.0,,,,0.0,2.0,0.0,0.0,4.0,0.0,0.0,0.0,0.0,0.0,6.0,10.0,0.0
231,400,Horning_2001_thesis / Autoignition_ n_Alkane,Ar,95.2,1.0,CCCCCCC,0.4,431.0,Species,4.4,5.71,,Stanford,15.3,±5,CH,1431,±1,120,2.0,5.0,,,,0.0,2.0,0.0,0.0,4.0,0.0,0.0,0.0,0.0,0.0,6.0,10.0,0.0
232,99,blend_surrogate_fuels,N2,77.53,1.0,CCCCCCC,1.87,306.7,Species,20.6,10.27,,Stanford,5.0,,OH,1344,±1.8,85,2.0,5.0,,,,0.0,2.0,0.0,0.0,4.0,0.0,0.0,0.0,0.0,0.0,6.0,10.0,0.0
233,40,Horning_2001_thesis / Autoignition_ n_Alkane,Ar,95.24,0.9,CCCCCCC,0.36,431.0,Species,4.4,1.22,,Stanford,15.3,±5,CH,1492,±1,141,2.0,5.0,,,,0.0,2.0,0.0,0.0,4.0,0.0,0.0,0.0,0.0,0.0,6.0,10.0,0.0
234,118,Horning_2001_thesis / Autoignition_ n_Alkane,Ar,95.2,1.0,CCCCCCC,0.4,431.0,Species,4.4,5.63,,Stanford,15.3,±5,CH,1400,±1,190,2.0,5.0,,,,0.0,2.0,0.0,0.0,4.0,0.0,0.0,0.0,0.0,0.0,6.0,10.0,0.0
235,104,Horning_2001_thesis / Autoignition_ n_Alkane,Ar,78.55,1.0,CCCCCCC,1.75,431.0,Species,19.7,1.19,,Stanford,15.3,±5,CH,1329,±1,382,2.0,5.0,,,,0.0,2.0,0.0,0.0,4.0,0.0,0.0,0.0,0.0,0.0,6.0,10.0,0.0
236,175,blend_surrogate_fuels,N2,77.53,1.0,CCCCCCC,1.87,306.7,Species,20.6,1.89,,Stanford,5.0,,OH,1299,±1.8,311,2.0,5.0,,,,0.0,2.0,0.0,0.0,4.0,0.0,0.0,0.0,0.0,0.0,6.0,10.0,0.0
237,50,Horning_2001_thesis / Autoignition_ n_Alkane,Ar,95.24,0.9,CCCCCCC,0.36,431.0,Species,4.4,1.25,,Stanford,15.3,±5,CH,1501,±1,125,2.0,5.0,,,,0.0,2.0,0.0,0.0,4.0,0.0,0.0,0.0,0.0,0.0,6.0,10.0,0.0
238,86,Horning_2001_thesis / Autoignition_ n_Alkane,Ar,97.4,2.0,CCCCCCC,0.4,431.0,Species,2.2,1.22,,Stanford,15.3,±5,CH,1676,±1,147,2.0,5.0,,,,0.0,2.0,0.0,0.0,4.0,0.0,0.0,0.0,0.0,0.0,6.0,10.0,0.0
239,162,Horning_2001_thesis / Autoignition_ n_Alkane,Ar,85.6,1.0,CCCCCCC,1.2,431.0,Species,13.2,1.3,,Stanford,15.3,±5,CH,1335,±1,466,2.0,5.0,,,,0.0,2.0,0.0,0.0,4.0,0.0,0.0,0.0,0.0,0.0,6.0,10.0,0.0
240,363,n_heptane_oxidation,Ar,99.64,1.0,CCCCCCC,0.03,306.7,Species,0.33,2.86,±1,Stanford,15.3,,OH,1368,±1,1810,2.0,5.0,,,,0.0,2.0,0.0,0.0,4.0,0.0,0.0,0.0,0.0,0.0,6.0,10.0,0.0
241,130,Horning_2001_thesis / Autoignition_ n_Alkane,Ar,90.0,1.5,CCCCCCC,1.2,431.0,Species,8.8,1.14,,Stanford,15.3,±5,CH,1465,±1,189,2.0,5.0,,,,0.0,2.0,0.0,0.0,4.0,0.0,0.0,0.0,0.0,0.0,6.0,10.0,0.0
242,35,n_Alkane_Oxidation,Ar,99.64,1.0,CCCCCCC,0.03,306.7,Species,0.33,3.75,,Stanford,8.9,±5,OH,1710,,49,2.0,5.0,,,,0.0,2.0,0.0,0.0,4.0,0.0,0.0,0.0,0.0,0.0,6.0,10.0,0.0
243,28,blend_surrogate_fuels,N2,77.53,1.0,CCCCCCC,1.87,306.7,Species,20.6,53.9,,Stanford,5.0,,OH,909,±1.8,254,2.0,5.0,,,,0.0,2.0,0.0,0.0,4.0,0.0,0.0,0.0,0.0,0.0,6.0,10.0,0.0
244,220,Horning_2001_thesis / Autoignition_ n_Alkane,Ar,95.2,1.0,CCCCCCC,0.4,431.0,Species,4.4,4.16,,Stanford,15.3,±5,CH,1413,±1,183,2.0,5.0,,,,0.0,2.0,0.0,0.0,4.0,0.0,0.0,0.0,0.0,0.0,6.0,10.0,0.0
245,76,Horning_2001_thesis / Autoignition_ n_Alkane,Ar,90.8,0.5,CCCCCCC,0.4,431.0,Species,8.8,1.34,,Stanford,15.3,±5,CH,1345,±1,305,2.0,5.0,,,,0.0,2.0,0.0,0.0,4.0,0.0,0.0,0.0,0.0,0.0,6.0,10.0,0.0
246,6,Horning_2001_thesis / Autoignition_ n_Alkane,Ar,90.8,0.5,CCCCCCC,0.4,431.0,Species,8.8,1.21,,Stanford,15.3,±5,CH,1432,±1,110,2.0,5.0,,,,0.0,2.0,0.0,0.0,4.0,0.0,0.0,0.0,0.0,0.0,6.0,10.0,0.0
247,228,blend_surrogate_fuels,N2,77.53,1.0,CCCCCCC,1.87,306.7,Species,20.6,19.87,,Stanford,5.0,,OH,906,±1.8,1836,2.0,5.0,,,,0.0,2.0,0.0,0.0,4.0,0.0,0.0,0.0,0.0,0.0,6.0,10.0,0.0
248,214,n_heptane_methylcyclohexane,Ar,97.7,0.5,CCCCCCC,0.1,306.7,Species,2.2,15.81,,Stanford,7.5,,OH,1230,±1,698,2.0,5.0,,,,0.0,2.0,0.0,0.0,4.0,0.0,0.0,0.0,0.0,0.0,6.0,10.0,0.0
249,243,blend_surrogate_fuels,N2,77.53,1.0,CCCCCCC,1.87,306.7,Species,20.6,57.7,,Stanford,5.0,,OH,1007,±1.8,232,2.0,5.0,,,,0.0,2.0,0.0,0.0,4.0,0.0,0.0,0.0,0.0,0.0,6.0,10.0,0.0
250,21,Horning_2001_thesis / Autoignition_ n_Alkane,Ar,94.8,0.9,CCCCCCC,0.4,431.0,Species,4.8,1.23,,Stanford,15.3,±5,CH,1491,±1,137,2.0,5.0,,,,0.0,2.0,0.0,0.0,4.0,0.0,0.0,0.0,0.0,0.0,6.0,10.0,0.0
251,234,blend_surrogate_fuels,N2,77.53,1.0,CCCCCCC,1.87,306.7,Species,20.6,10.62,,Stanford,5.0,,OH,1305,±1.8,117,2.0,5.0,,,,0.0,2.0,0.0,0.0,4.0,0.0,0.0,0.0,0.0,0.0,6.0,10.0,0.0
252,240,n_heptane_oxidation,Ar,99.64,1.0,CCCCCCC,0.03,306.7,Species,0.33,2.33,±1,Stanford,15.3,,OH,1378,±1,1330,2.0,5.0,,,,0.0,2.0,0.0,0.0,4.0,0.0,0.0,0.0,0.0,0.0,6.0,10.0,0.0
253,297,Horning_2001_thesis / Autoignition_ n_Alkane,Ar,95.2,1.0,CCCCCCC,0.4,431.0,Species,4.4,5.57,,Stanford,15.3,±5,CH,1372,±1,279,2.0,5.0,,,,0.0,2.0,0.0,0.0,4.0,0.0,0.0,0.0,0.0,0.0,6.0,10.0,0.0
254,204,Horning_2001_thesis / Autoignition_ n_Alkane,Ar,90.4,1.0,CCCCCCC,0.8,431.0,Species,8.8,1.15,,Stanford,15.3,±5,CH,1378,±1,385,2.0,5.0,,,,0.0,2.0,0.0,0.0,4.0,0.0,0.0,0.0,0.0,0.0,6.0,10.0,0.0
255,198,Horning_2001_thesis / Autoignition_ n_Alkane,Ar,97.6,1.0,CCCCCCC,0.2,431.0,Species,2.2,2.13,,Stanford,15.3,±5,CH,1468,±1,216,2.0,5.0,,,,0.0,2.0,0.0,0.0,4.0,0.0,0.0,0.0,0.0,0.0,6.0,10.0,0.0
256,272,Horning_2001_thesis / Autoignition_ n_Alkane,Ar,90.0,1.5,CCCCCCC,1.2,431.0,Species,8.8,1.27,,Stanford,15.3,±5,CH,1409,±1,321,2.0,5.0,,,,0.0,2.0,0.0,0.0,4.0,0.0,0.0,0.0,0.0,0.0,6.0,10.0,0.0
257,346,Horning_2001_thesis / Autoignition_ n_Alkane,Ar,92.2,2.0,CCCCCCC,1.2,431.0,Species,6.6,1.2,,Stanford,15.3,±5,CH,1456,±1,361,2.0,5.0,,,,0.0,2.0,0.0,0.0,4.0,0.0,0.0,0.0,0.0,0.0,6.0,10.0,0.0
258,69,Horning_2001_thesis / Autoignition_ n_Alkane,Ar,85.6,1.0,CCCCCCC,1.2,431.0,Species,13.2,1.19,,Stanford,15.3,±5,CH,1421,±1,163,2.0,5.0,,,,0.0,2.0,0.0,0.0,4.0,0.0,0.0,0.0,0.0,0.0,6.0,10.0,0.0
259,209,n_heptane_methylcyclohexane,Ar,97.7,0.5,CCCCCCC,0.1,306.7,Species,2.2,15.0,,Stanford,7.5,,OH,1271,±1,377,2.0,5.0,,,,0.0,2.0,0.0,0.0,4.0,0.0,0.0,0.0,0.0,0.0,6.0,10.0,0.0
260,218,Horning_2001_thesis / Autoignition_ n_Alkane,Ar,95.2,1.0,CCCCCCC,0.4,431.0,Species,4.4,1.23,,Stanford,15.3,±5,CH,1486,±1,159,2.0,5.0,,,,0.0,2.0,0.0,0.0,4.0,0.0,0.0,0.0,0.0,0.0,6.0,10.0,0.0
261,322,Horning_2001_thesis / Autoignition_ n_Alkane,Ar,95.2,1.0,CCCCCCC,0.4,431.0,Species,4.4,5.65,,Stanford,15.3,±5,CH,1442,±1,117,2.0,5.0,,,,0.0,2.0,0.0,0.0,4.0,0.0,0.0,0.0,0.0,0.0,6.0,10.0,0.0
262,46,Horning_2001_thesis / Autoignition_ n_Alkane,Ar,85.6,1.0,CCCCCCC,1.2,431.0,Species,13.2,1.22,,Stanford,15.3,±5,CH,1455,±1,115,2.0,5.0,,,,0.0,2.0,0.0,0.0,4.0,0.0,0.0,0.0,0.0,0.0,6.0,10.0,0.0
263,309,Horning_2001_thesis / Autoignition_ n_Alkane,Ar,95.2,1.0,CCCCCCC,0.4,431.0,Species,4.4,1.27,,Stanford,15.3,±5,CH,1458,±1,208,2.0,5.0,,,,0.0,2.0,0.0,0.0,4.0,0.0,0.0,0.0,0.0,0.0,6.0,10.0,0.0
264,123,blend_surrogate_fuels,N2,77.53,1.0,CCCCCCC,1.87,306.7,Species,20.6,53.1,,Stanford,5.0,,OH,1063,±1.8,179,2.0,5.0,,,,0.0,2.0,0.0,0.0,4.0,0.0,0.0,0.0,0.0,0.0,6.0,10.0,0.0
265,261,blend_surrogate_fuels,N2,77.53,1.0,CCCCCCC,1.87,306.7,Species,20.6,1.97,,Stanford,5.0,,OH,1249,±1.8,298,2.0,5.0,,,,0.0,2.0,0.0,0.0,4.0,0.0,0.0,0.0,0.0,0.0,6.0,10.0,0.0
266,271,Horning_2001_thesis / Autoignition_ n_Alkane,Ar,95.2,1.0,CCCCCCC,0.4,431.0,Species,4.4,5.41,,Stanford,15.3,±5,CH,1419,±1,158,2.0,5.0,,,,0.0,2.0,0.0,0.0,4.0,0.0,0.0,0.0,0.0,0.0,6.0,10.0,0.0
267,267,iso_octane_heptane,Ar,99.4,1.0,CCCCCCC,0.05,216.0,Species,0.55,1.67,,Stanford,15.3,,CH3,1461,±1,366,2.0,5.0,,,,0.0,2.0,0.0,0.0,4.0,0.0,0.0,0.0,0.0,0.0,6.0,10.0,0.0
268,230,blend_surrogate_fuels,N2,77.53,1.0,CCCCCCC,1.87,306.7,Species,20.6,1.85,,Stanford,5.0,,OH,1358,±1.8,152,2.0,5.0,,,,0.0,2.0,0.0,0.0,4.0,0.0,0.0,0.0,0.0,0.0,6.0,10.0,0.0
269,269,blend_surrogate_fuels,N2,77.53,1.0,CCCCCCC,1.87,306.7,Species,20.6,53.6,,Stanford,5.0,,OH,1013,±1.8,292,2.0,5.0,,,,0.0,2.0,0.0,0.0,4.0,0.0,0.0,0.0,0.0,0.0,6.0,10.0,0.0
270,281,blend_surrogate_fuels,N2,77.53,1.0,CCCCCCC,1.87,306.7,Species,20.6,11.24,,Stanford,5.0,,OH,1236,±1.8,207,2.0,5.0,,,,0.0,2.0,0.0,0.0,4.0,0.0,0.0,0.0,0.0,0.0,6.0,10.0,0.0
271,247,blend_surrogate_fuels,N2,77.53,1.0,CCCCCCC,1.87,306.7,Species,20.6,52.3,,Stanford,5.0,,OH,1115,±1.8,102,2.0,5.0,,,,0.0,2.0,0.0,0.0,4.0,0.0,0.0,0.0,0.0,0.0,6.0,10.0,0.0
272,319,Horning_2001_thesis / Autoignition_ n_Alkane,Ar,97.6,1.0,CCCCCCC,0.2,431.0,Species,2.2,2.15,,Stanford,15.3,±5,CH,1432,±1,345,2.0,5.0,,,,0.0,2.0,0.0,0.0,4.0,0.0,0.0,0.0,0.0,0.0,6.0,10.0,0.0
273,328,n_heptane_oxidation,Ar,99.64,1.0,CCCCCCC,0.03,306.7,Species,0.33,2.16,±1,Stanford,15.3,,OH,1494,±1,1330,2.0,5.0,,,,0.0,2.0,0.0,0.0,4.0,0.0,0.0,0.0,0.0,0.0,6.0,10.0,0.0
274,97,Horning_2001_thesis / Autoignition_ n_Alkane,Ar,94.8,0.9,CCCCCCC,0.4,431.0,Species,4.8,1.18,,Stanford,15.3,±5,CH,1381,±1,488,2.0,5.0,,,,0.0,2.0,0.0,0.0,4.0,0.0,0.0,0.0,0.0,0.0,6.0,10.0,0.0
275,43,Horning_2001_thesis / Autoignition_ n_Alkane,Ar,90.8,0.5,CCCCCCC,0.4,431.0,Species,8.8,1.32,,Stanford,15.3,±5,CH,1413,±1,121,2.0,5.0,,,,0.0,2.0,0.0,0.0,4.0,0.0,0.0,0.0,0.0,0.0,6.0,10.0,0.0
276,119,Horning_2001_thesis / Autoignition_ n_Alkane,Ar,97.6,1.0,CCCCCCC,0.2,431.0,Species,2.2,2.08,,Stanford,15.3,±5,CH,1501,±1,150,2.0,5.0,,,,0.0,2.0,0.0,0.0,4.0,0.0,0.0,0.0,0.0,0.0,6.0,10.0,0.0
277,308,Horning_2001_thesis / Autoignition_ n_Alkane,Ar,97.4,2.0,CCCCCCC,0.4,431.0,Species,2.2,1.22,,Stanford,15.3,±5,CH,1619,±1,210,2.0,5.0,,,,0.0,2.0,0.0,0.0,4.0,0.0,0.0,0.0,0.0,0.0,6.0,10.0,0.0
278,286,blend_surrogate_fuels,N2,77.53,1.0,CCCCCCC,1.87,306.7,Species,20.6,1.99,,Stanford,5.0,,OH,1378,±1.8,117,2.0,5.0,,,,0.0,2.0,0.0,0.0,4.0,0.0,0.0,0.0,0.0,0.0,6.0,10.0,0.0
279,294,Horning_2001_thesis / Autoignition_ n_Alkane,Ar,94.8,0.9,CCCCCCC,0.4,431.0,Species,4.8,1.15,,Stanford,15.3,±5,CH,1446,±1,234,2.0,5.0,,,,0.0,2.0,0.0,0.0,4.0,0.0,0.0,0.0,0.0,0.0,6.0,10.0,0.0
280,255,blend_surrogate_fuels,N2,77.53,1.0,CCCCCCC,1.87,306.7,Species,20.6,18.13,,Stanford,5.0,,OH,1012,±1.8,944,2.0,5.0,,,,0.0,2.0,0.0,0.0,4.0,0.0,0.0,0.0,0.0,0.0,6.0,10.0,0.0
281,10,iso_octane_heptane,Ar,99.4,1.0,CCCCCCC,0.05,216.0,Species,0.55,1.61,,Stanford,15.3,,CH3,1546,±1,162,2.0,5.0,,,,0.0,2.0,0.0,0.0,4.0,0.0,0.0,0.0,0.0,0.0,6.0,10.0,0.0
282,108,n_heptane_oxidation,Ar,99.64,1.0,CCCCCCC,0.03,306.7,Species,0.33,2.28,±1,Stanford,15.3,,OH,1375,±1,1661,2.0,5.0,,,,0.0,2.0,0.0,0.0,4.0,0.0,0.0,0.0,0.0,0.0,6.0,10.0,0.0
283,111,Horning_2001_thesis / Autoignition_ n_Alkane,Ar,95.2,1.0,CCCCCCC,0.4,431.0,Species,4.4,4.03,,Stanford,15.3,±5,CH,1476,±1,90,2.0,5.0,,,,0.0,2.0,0.0,0.0,4.0,0.0,0.0,0.0,0.0,0.0,6.0,10.0,0.0
284,249,Horning_2001_thesis / Autoignition_ n_Alkane,Ar,95.2,1.0,CCCCCCC,0.4,431.0,Species,4.4,2.12,,Stanford,15.3,±5,CH,1384,±1,403,2.0,5.0,,,,0.0,2.0,0.0,0.0,4.0,0.0,0.0,0.0,0.0,0.0,6.0,10.0,0.0
285,211,n_heptane_methylcyclohexane,Ar,97.7,0.5,CCCCCCC,0.1,306.7,Species,2.2,15.28,,Stanford,7.5,,OH,1236,±1,652,2.0,5.0,,,,0.0,2.0,0.0,0.0,4.0,0.0,0.0,0.0,0.0,0.0,6.0,10.0,0.0
286,102,Horning_2001_thesis / Autoignition_ n_Alkane,Ar,90.8,0.5,CCCCCCC,0.4,431.0,Species,8.8,1.22,,Stanford,15.3,±5,CH,1347,±1,323,2.0,5.0,,,,0.0,2.0,0.0,0.0,4.0,0.0,0.0,0.0,0.0,0.0,6.0,10.0,0.0
287,8,n_Alkane_Oxidation,Ar,99.64,1.0,CCCCCCC,0.03,306.7,Species,0.33,2.04,,Stanford,8.9,±5,OH,1640,,99,2.0,5.0,,,,0.0,2.0,0.0,0.0,4.0,0.0,0.0,0.0,0.0,0.0,6.0,10.0,0.0
288,263,blend_surrogate_fuels,N2,77.53,1.0,CCCCCCC,1.87,306.7,Species,20.6,11.8,,Stanford,5.0,,OH,1290,±1.8,118,2.0,5.0,,,,0.0,2.0,0.0,0.0,4.0,0.0,0.0,0.0,0.0,0.0,6.0,10.0,0.0
289,91,iso_octane_heptane,Ar,99.4,1.0,CCCCCCC,0.05,216.0,Species,0.55,1.72,,Stanford,15.3,,CH3,1395,±1,878,2.0,5.0,,,,0.0,2.0,0.0,0.0,4.0,0.0,0.0,0.0,0.0,0.0,6.0,10.0,0.0
290,285,blend_surrogate_fuels,N2,77.53,1.0,CCCCCCC,1.87,306.7,Species,20.6,16.72,,Stanford,5.0,,OH,1048,±1.8,854,2.0,5.0,,,,0.0,2.0,0.0,0.0,4.0,0.0,0.0,0.0,0.0,0.0,6.0,10.0,0.0
291,402,Horning_2001_thesis / Autoignition_ n_Alkane,Ar,90.8,0.5,CCCCCCC,0.4,431.0,Species,8.8,1.3,,Stanford,15.3,±5,CH,1347,±1,286,2.0,5.0,,,,0.0,2.0,0.0,0.0,4.0,0.0,0.0,0.0,0.0,0.0,6.0,10.0,0.0
292,33,n_heptane_oxidation,Ar,99.64,1.0,CCCCCCC,0.03,306.7,Species,0.33,2.36,±1,Stanford,15.3,,OH,1506,±1,189,2.0,5.0,,,,0.0,2.0,0.0,0.0,4.0,0.0,0.0,0.0,0.0,0.0,6.0,10.0,0.0
293,213,n_heptane_methylcyclohexane,Ar,97.7,0.5,CCCCCCC,0.1,306.7,Species,2.2,15.13,,Stanford,7.5,,OH,1229,±1,708,2.0,5.0,,,,0.0,2.0,0.0,0.0,4.0,0.0,0.0,0.0,0.0,0.0,6.0,10.0,0.0
294,124,Horning_2001_thesis / Autoignition_ n_Alkane,Ar,85.6,1.0,CCCCCCC,1.2,431.0,Species,13.2,1.27,,Stanford,15.3,±5,CH,1409,±1,179,2.0,5.0,,,,0.0,2.0,0.0,0.0,4.0,0.0,0.0,0.0,0.0,0.0,6.0,10.0,0.0
295,317,blend_surrogate_fuels,N2,77.53,1.0,CCCCCCC,1.87,306.7,Species,20.6,48.6,,Stanford,5.0,,OH,985,±1.8,364,2.0,5.0,,,,0.0,2.0,0.0,0.0,4.0,0.0,0.0,0.0,0.0,0.0,6.0,10.0,0.0
296,45,n_Alkane_Oxidation,Ar,99.51,1.0,CCCCCCCCCC,0.03,431.0,Species,0.47,2.08,,Stanford,8.9,±5,CH,1661, ±1.5,87,2.0,8.0,,,,0.0,2.0,0.0,0.0,7.0,0.0,0.0,0.0,0.0,0.0,6.0,16.0,0.0
297,178,n_Alkane_Oxidation,Ar,99.51,1.0,CCCCCCCCCC,0.03,431.0,Species,0.47,2.19,,Stanford,8.9,±5,CH,1479, ±1.5,375,2.0,8.0,,,,0.0,2.0,0.0,0.0,7.0,0.0,0.0,0.0,0.0,0.0,6.0,16.0,0.0
298,134,n_Alkane_Oxidation,Ar,99.15,0.68,CCCCCCCCCC,0.04,431.0,Species,0.81,1.68,,Stanford,8.9,±5,CH,1382, ±1.5,621,2.0,8.0,,,,0.0,2.0,0.0,0.0,7.0,0.0,0.0,0.0,0.0,0.0,6.0,16.0,0.0
299,355,Haylett_2011_thesis,N2,77.53,1.09,CCCCCCCCCC,1.47,430.0,Species,21.0,4.56, ±9.6,Stanford,15.3, ±9.6,CH,1109, ±2,1358,2.0,8.0,,,,0.0,2.0,0.0,0.0,7.0,0.0,0.0,0.0,0.0,0.0,6.0,16.0,0.0
300,5,Horning_2001_thesis / Autoignition_ n_Alkane,Ar,96.7,1.0,CCCCCCCCCC,0.2,431.0,Species,3.1,1.23,,Stanford,15.3,±5,CH,1470, ±1.5,180,2.0,8.0,,,,0.0,2.0,0.0,0.0,7.0,0.0,0.0,0.0,0.0,0.0,6.0,16.0,0.0
301,23,n_Alkane_Oxidation,Ar,99.58,1.2,CCCCCCCCCC,0.03,431.0,Species,0.39,2.25,,Stanford,8.9,±5,CH,1602, ±1.5,124,2.0,8.0,,,,0.0,2.0,0.0,0.0,7.0,0.0,0.0,0.0,0.0,0.0,6.0,16.0,0.0
302,160,Horning_2001_thesis / Autoignition_ n_Alkane,Ar,96.7,1.0,CCCCCCCCCC,0.2,431.0,Species,3.1,1.24,,Stanford,15.3,±5,CH,1445, ±1.5,290,2.0,8.0,,,,0.0,2.0,0.0,0.0,7.0,0.0,0.0,0.0,0.0,0.0,6.0,16.0,0.0
303,157,Horning_2001_thesis / Autoignition_ n_Alkane,Ar,96.7,1.0,CCCCCCCCCC,0.2,431.0,Species,3.1,1.26,,Stanford,15.3,±5,CH,1397, ±1.5,480,2.0,8.0,,,,0.0,2.0,0.0,0.0,7.0,0.0,0.0,0.0,0.0,0.0,6.0,16.0,0.0
304,9,n_Alkane_Oxidation,Ar,99.15,0.7,CCCCCCCCCC,0.04,431.0,Species,0.81,1.61,,Stanford,8.9,±5,CH,1524, ±1.5,144,2.0,8.0,,,,0.0,2.0,0.0,0.0,7.0,0.0,0.0,0.0,0.0,0.0,6.0,16.0,0.0
305,354,Haylett_2011_thesis,N2,77.11,1.4,CCCCCCCCCC,1.9,430.0,Species,21.0,5.15, ±9.6,Stanford,15.3, ±9.6,CH,1154, ±2,921,2.0,8.0,,,,0.0,2.0,0.0,0.0,7.0,0.0,0.0,0.0,0.0,0.0,6.0,16.0,0.0
306,177,n_Alkane_Oxidation,Ar,99.15,0.64,CCCCCCCCCC,0.03,431.0,Species,0.81,1.69,,Stanford,8.9,±5,CH,1327, ±1.5,1099,2.0,8.0,,,,0.0,2.0,0.0,0.0,7.0,0.0,0.0,0.0,0.0,0.0,6.0,16.0,0.0
307,156,n_Alkane_Oxidation,Ar,96.7,1.0,CCCCCCCCCC,0.2,431.0,Species,3.1,2.28,,Stanford,8.9,±5,CH,1357, ±1.5,341,2.0,8.0,,,,0.0,2.0,0.0,0.0,7.0,0.0,0.0,0.0,0.0,0.0,6.0,16.0,0.0
308,18,Horning_2001_thesis / Autoignition_ n_Alkane,Ar,96.7,1.0,CCCCCCCCCC,0.2,431.0,Species,3.1,1.22,,Stanford,15.3,±5,CH,1516, ±1.5,124,2.0,8.0,,,,0.0,2.0,0.0,0.0,7.0,0.0,0.0,0.0,0.0,0.0,6.0,16.0,0.0
309,158,Horning_2001_thesis / Autoignition_ n_Alkane,Ar,96.7,1.0,CCCCCCCCCC,0.2,431.0,Species,3.1,1.23,,Stanford,15.3,±5,CH,1434, ±1.5,320,2.0,8.0,,,,0.0,2.0,0.0,0.0,7.0,0.0,0.0,0.0,0.0,0.0,6.0,16.0,0.0
310,80,Horning_2001_thesis / Autoignition_ n_Alkane,Ar,96.7,1.0,CCCCCCCCCC,0.2,431.0,Species,3.1,1.24,,Stanford,15.3,±5,CH,1456, ±1.5,235,2.0,8.0,,,,0.0,2.0,0.0,0.0,7.0,0.0,0.0,0.0,0.0,0.0,6.0,16.0,0.0
311,1,n_Alkane_Oxidation,Ar,99.51,1.0,CCCCCCCCCC,0.03,431.0,Species,0.47,2.21,,Stanford,8.9,±5,CH,1525, ±1.5,154,2.0,8.0,,,,0.0,2.0,0.0,0.0,7.0,0.0,0.0,0.0,0.0,0.0,6.0,16.0,0.0
312,222,n_Alkane_Oxidation,Ar,96.7,1.0,CCCCCCCCCC,0.2,431.0,Species,3.1,2.2,,Stanford,8.9,±5,CH,1404, ±1.5,238,2.0,8.0,,,,0.0,2.0,0.0,0.0,7.0,0.0,0.0,0.0,0.0,0.0,6.0,16.0,0.0
313,60,n_Alkane_Oxidation,Ar,99.51,1.0,CCCCCCCCCC,0.03,431.0,Species,0.47,2.12,,Stanford,8.9,±5,CH,1574, ±1.5,119,2.0,8.0,,,,0.0,2.0,0.0,0.0,7.0,0.0,0.0,0.0,0.0,0.0,6.0,16.0,0.0
314,342,Haylett_2011_thesis,N2,77.51,1.1,CCCCCCCCCC,1.49,430.0,Species,21.0,4.87, ±9.6,Stanford,15.3, ±9.6,CH,1131, ±2,1252,2.0,8.0,,,,0.0,2.0,0.0,0.0,7.0,0.0,0.0,0.0,0.0,0.0,6.0,16.0,0.0
315,332,Haylett_2011_thesis,N2,76.43,1.89,CCCCCCCCCC,2.57,430.0,Species,21.0,4.93, ±9.6,Stanford,15.3, ±9.6,CH,1173, ±2,950,2.0,8.0,,,,0.0,2.0,0.0,0.0,7.0,0.0,0.0,0.0,0.0,0.0,6.0,16.0,0.0
316,336,Haylett_2011_thesis,N2,77.56,1.06,CCCCCCCCCC,1.44,430.0,Species,21.0,5.14, ±9.6,Stanford,15.3, ±9.6,CH,1081, ±2,1696,2.0,8.0,,,,0.0,2.0,0.0,0.0,7.0,0.0,0.0,0.0,0.0,0.0,6.0,16.0,0.0
317,145,Lam_2013_thesis / Normal_Alkanes_and_Simple_Oxygenates,Ar,95.84,0.5,CCCCCCCC,0.16,306.0,Species,4.0,2.07,±1,Stanford,14.13,±3,OH,1273,±0.7,988,2.0,6.0,,,,0.0,2.0,0.0,0.0,5.0,0.0,0.0,0.0,0.0,0.0,6.0,12.0,0.0
318,173,Lam_2013_thesis / Normal_Alkanes_and_Simple_Oxygenates,Ar,95.84,0.5,CCCCCCCC,0.16,306.0,Species,4.0,1.98,±1,Stanford,14.13,±3,OH,1307,±0.7,663,2.0,6.0,,,,0.0,2.0,0.0,0.0,5.0,0.0,0.0,0.0,0.0,0.0,6.0,12.0,0.0
319,133,Lam_2013_thesis / Normal_Alkanes_and_Simple_Oxygenates,Ar,95.68,1.0,CCCCCCCC,0.32,306.0,Species,4.0,1.96,±1,Stanford,14.13,±3,OH,1385,±0.7,390,2.0,6.0,,,,0.0,2.0,0.0,0.0,5.0,0.0,0.0,0.0,0.0,0.0,6.0,12.0,0.0
320,282,Lam_2013_thesis / Normal_Alkanes_and_Simple_Oxygenates,Ar,95.68,1.0,CCCCCCCC,0.32,306.0,Species,4.0,3.59,±1,Stanford,14.13,±3,OH,1421,±0.7,210,2.0,6.0,,,,0.0,2.0,0.0,0.0,5.0,0.0,0.0,0.0,0.0,0.0,6.0,12.0,0.0
321,334,Lam_2013_thesis / Normal_Alkanes_and_Simple_Oxygenates,Ar,95.68,1.0,CCCCCCCC,0.32,306.0,Species,4.0,3.37,±1,Stanford,14.13,±3,OH,1282,±0.7,1020,2.0,6.0,,,,0.0,2.0,0.0,0.0,5.0,0.0,0.0,0.0,0.0,0.0,6.0,12.0,0.0
322,337,Lam_2013_thesis / Normal_Alkanes_and_Simple_Oxygenates,Ar,95.68,1.0,CCCCCCCC,0.32,306.0,Species,4.0,3.75,±1,Stanford,14.13,±3,OH,1319,±0.7,614,2.0,6.0,,,,0.0,2.0,0.0,0.0,5.0,0.0,0.0,0.0,0.0,0.0,6.0,12.0,0.0
323,295,Lam_2013_thesis / Normal_Alkanes_and_Simple_Oxygenates,Ar,95.84,0.5,CCCCCCCC,0.16,306.0,Species,4.0,2.19,±1,Stanford,14.13,±3,OH,1252,±0.7,1269,2.0,6.0,,,,0.0,2.0,0.0,0.0,5.0,0.0,0.0,0.0,0.0,0.0,6.0,12.0,0.0
324,206,Lam_2013_thesis / Normal_Alkanes_and_Simple_Oxygenates,Ar,95.68,1.0,CCCCCCCC,0.32,306.0,Species,4.0,1.95,±1,Stanford,14.13,±3,OH,1325,±0.7,859,2.0,6.0,,,,0.0,2.0,0.0,0.0,5.0,0.0,0.0,0.0,0.0,0.0,6.0,12.0,0.0
325,15,Lam_2013_thesis / Normal_Alkanes_and_Simple_Oxygenates,Ar,95.84,0.5,CCCCCCCC,0.16,306.0,Species,4.0,1.91,±1,Stanford,14.13,±3,OH,1434,±0.7,104,2.0,6.0,,,,0.0,2.0,0.0,0.0,5.0,0.0,0.0,0.0,0.0,0.0,6.0,12.0,0.0
326,227,Lam_2013_thesis / Normal_Alkanes_and_Simple_Oxygenates,Ar,95.68,1.0,CCCCCCCC,0.32,306.0,Species,4.0,3.63,±1,Stanford,14.13,±3,OH,1384,±0.7,285,2.0,6.0,,,,0.0,2.0,0.0,0.0,5.0,0.0,0.0,0.0,0.0,0.0,6.0,12.0,0.0
327,48,Lam_2013_thesis / Normal_Alkanes_and_Simple_Oxygenates,Ar,95.84,0.5,CCCCCCCC,0.16,306.0,Species,4.0,2.01,±1,Stanford,14.13,±3,OH,1380,±0.7,220,2.0,6.0,,,,0.0,2.0,0.0,0.0,5.0,0.0,0.0,0.0,0.0,0.0,6.0,12.0,0.0
328,330,Lam_2013_thesis / Normal_Alkanes_and_Simple_Oxygenates,Ar,95.68,1.0,CCCCCCCC,0.32,306.0,Species,4.0,3.81,±1,Stanford,14.13,±3,OH,1273,±0.7,1064,2.0,6.0,,,,0.0,2.0,0.0,0.0,5.0,0.0,0.0,0.0,0.0,0.0,6.0,12.0,0.0
329,326,Lam_2013_thesis / Normal_Alkanes_and_Simple_Oxygenates,Ar,95.68,1.0,CCCCCCCC,0.32,306.0,Species,4.0,2.05,±1,Stanford,14.13,±3,OH,1265,±0.7,1569,2.0,6.0,,,,0.0,2.0,0.0,0.0,5.0,0.0,0.0,0.0,0.0,0.0,6.0,12.0,0.0
330,305,Lam_2013_thesis / Normal_Alkanes_and_Simple_Oxygenates,Ar,95.68,1.0,CCCCCCCC,0.32,306.0,Species,4.0,1.87,±1,Stanford,14.13,±3,OH,1455,±0.7,166,2.0,6.0,,,,0.0,2.0,0.0,0.0,5.0,0.0,0.0,0.0,0.0,0.0,6.0,12.0,0.0
331,171,n_hexadecane / hexadecane_diesel/Haylett_2011_thesis,Ar,95.88,0.72,CCCCCCCCCCCCCCCC,0.12,431.0,Species,4.0,1.94,,Stanford,15.3,±2,CH,1266,±2,1122,2.0,14.0,,,,0.0,2.0,0.0,0.0,13.0,0.0,0.0,0.0,0.0,0.0,6.0,28.0,0.0
332,373,n_hexadecane / hexadecane_diesel/Haylett_2011_thesis,Ar,95.88,0.74,CCCCCCCCCCCCCCCC,0.12,431.0,Species,4.0,2.05,,Stanford,15.3,±2,CH,1183,±2,4264,2.0,14.0,,,,0.0,2.0,0.0,0.0,13.0,0.0,0.0,0.0,0.0,0.0,6.0,28.0,0.0
333,394,n_hexadecane / hexadecane_diesel/Haylett_2011_thesis,Ar,95.84,0.97,CCCCCCCCCCCCCCCC,0.16,431.0,Species,4.0,1.89,,Stanford,15.3,±2,CH,1285,±2,1386,2.0,14.0,,,,0.0,2.0,0.0,0.0,13.0,0.0,0.0,0.0,0.0,0.0,6.0,28.0,0.0
334,393,n_hexadecane / hexadecane_diesel/Haylett_2011_thesis,Ar,95.82,1.12,CCCCCCCCCCCCCCCC,0.18,431.0,Species,4.0,6.46,,Stanford,15.3,±2,CH,1327,±2,360,2.0,14.0,,,,0.0,2.0,0.0,0.0,13.0,0.0,0.0,0.0,0.0,0.0,6.0,28.0,0.0
335,196,n_hexadecane / hexadecane_diesel/Haylett_2011_thesis,Ar,95.85,0.91,CCCCCCCCCCCCCCCC,0.15,431.0,Species,4.0,1.83,,Stanford,15.3,±2,CH,1247,±2,2060,2.0,14.0,,,,0.0,2.0,0.0,0.0,13.0,0.0,0.0,0.0,0.0,0.0,6.0,28.0,0.0
336,365,n_hexadecane / hexadecane_diesel/Haylett_2011_thesis,Ar,98.97,0.76,CCCCCCCCCCCCCCCC,0.03,431.0,Species,1.0,4.44,,Stanford,15.3,±2,CH,1172,±2,4577,2.0,14.0,,,,0.0,2.0,0.0,0.0,13.0,0.0,0.0,0.0,0.0,0.0,6.0,28.0,0.0
337,312,n_hexadecane / hexadecane_diesel/Haylett_2011_thesis,Ar,95.91,0.56,CCCCCCCCCCCCCCCC,0.09,431.0,Species,4.0,1.91,,Stanford,15.3,±2,CH,1212,±2,2270,2.0,14.0,,,,0.0,2.0,0.0,0.0,13.0,0.0,0.0,0.0,0.0,0.0,6.0,28.0,0.0
338,320,n_hexadecane / hexadecane_diesel/Haylett_2011_thesis,Ar,95.91,0.56,CCCCCCCCCCCCCCCC,0.09,431.0,Species,4.0,2.06,,Stanford,15.3,±2,CH,1159,±2,3870,2.0,14.0,,,,0.0,2.0,0.0,0.0,13.0,0.0,0.0,0.0,0.0,0.0,6.0,28.0,0.0
339,245,n_hexadecane / hexadecane_diesel/Haylett_2011_thesis,Ar,95.87,0.77,CCCCCCCCCCCCCCCC,0.13,431.0,Species,4.0,1.86,,Stanford,15.3,±2,CH,1231,±2,2137,2.0,14.0,,,,0.0,2.0,0.0,0.0,13.0,0.0,0.0,0.0,0.0,0.0,6.0,28.0,0.0
340,335,n_hexadecane / hexadecane_diesel/Haylett_2011_thesis,Ar,98.97,0.8,CCCCCCCCCCCCCCCC,0.03,431.0,Species,1.0,4.6,,Stanford,15.3,±2,CH,1170,±2,5022,2.0,14.0,,,,0.0,2.0,0.0,0.0,13.0,0.0,0.0,0.0,0.0,0.0,6.0,28.0,0.0
341,333,n_hexadecane / hexadecane_diesel/Haylett_2011_thesis,Ar,95.84,0.96,CCCCCCCCCCCCCCCC,0.16,431.0,Species,4.0,2.03,,Stanford,15.3,±2,CH,1177,±2,4778,2.0,14.0,,,,0.0,2.0,0.0,0.0,13.0,0.0,0.0,0.0,0.0,0.0,6.0,28.0,0.0
342,221,n_hexadecane / hexadecane_diesel/Haylett_2011_thesis,Ar,95.84,0.96,CCCCCCCCCCCCCCCC,0.16,431.0,Species,4.0,1.71,,Stanford,15.3,±2,CH,1353,±2,708,2.0,14.0,,,,0.0,2.0,0.0,0.0,13.0,0.0,0.0,0.0,0.0,0.0,6.0,28.0,0.0
343,260,n_hexadecane / hexadecane_diesel/Haylett_2011_thesis,Ar,95.88,0.71,CCCCCCCCCCCCCCCC,0.12,431.0,Species,4.0,1.96,,Stanford,15.3,±2,CH,1218,±2,2657,2.0,14.0,,,,0.0,2.0,0.0,0.0,13.0,0.0,0.0,0.0,0.0,0.0,6.0,28.0,0.0
344,341,n_hexadecane / hexadecane_diesel/Haylett_2011_thesis,Ar,98.95,1.22,CCCCCCCCCCCCCCCC,0.05,431.0,Species,1.0,6.54,,Stanford,15.3,±2,CH,1267,±2,1902,2.0,14.0,,,,0.0,2.0,0.0,0.0,13.0,0.0,0.0,0.0,0.0,0.0,6.0,28.0,0.0
345,340,n_hexadecane / hexadecane_diesel/Haylett_2011_thesis,Ar,95.82,1.09,CCCCCCCCCCCCCCCC,0.18,431.0,Species,4.0,2.13,,Stanford,15.3,±2,CH,1181,±2,5536,2.0,14.0,,,,0.0,2.0,0.0,0.0,13.0,0.0,0.0,0.0,0.0,0.0,6.0,28.0,0.0
346,325,n_hexadecane / hexadecane_diesel/Haylett_2011_thesis,Ar,98.95,1.21,CCCCCCCCCCCCCCCC,0.05,431.0,Species,1.0,6.77,,Stanford,15.3,±2,CH,1333,±2,917,2.0,14.0,,,,0.0,2.0,0.0,0.0,13.0,0.0,0.0,0.0,0.0,0.0,6.0,28.0,0.0
347,57,Lam_2013_thesis / Normal_Alkanes_and_Simple_Oxygenates,Ar,95.86,0.5,CCCCCCCCC,0.14,306.0,Species,4.0,1.67,±1,Stanford,14.13,±3,OH,1403,±0.7,190,2.0,7.0,,,,0.0,2.0,0.0,0.0,6.0,0.0,0.0,0.0,0.0,0.0,6.0,14.0,0.0
348,377,Lam_2013_thesis / Normal_Alkanes_and_Simple_Oxygenates,Ar,95.86,0.5,CCCCCCCCC,0.14,306.0,Species,4.0,1.92,±1,Stanford,14.13,±3,OH,1305,±0.7,536,2.0,7.0,,,,0.0,2.0,0.0,0.0,6.0,0.0,0.0,0.0,0.0,0.0,6.0,14.0,0.0
349,370,Lam_2013_thesis / Normal_Alkanes_and_Simple_Oxygenates,Ar,95.71,1.0,CCCCCCCCC,0.29,306.0,Species,4.0,3.46,±1,Stanford,14.13,±3,OH,1263,±0.7,1237,2.0,7.0,,,,0.0,2.0,0.0,0.0,6.0,0.0,0.0,0.0,0.0,0.0,6.0,14.0,0.0
350,92,Lam_2013_thesis / Normal_Alkanes_and_Simple_Oxygenates,Ar,95.71,1.0,CCCCCCCCC,0.29,306.0,Species,4.0,1.91,±1,Stanford,14.13,±3,OH,1330,±0.7,780,2.0,7.0,,,,0.0,2.0,0.0,0.0,6.0,0.0,0.0,0.0,0.0,0.0,6.0,14.0,0.0
351,379,Lam_2013_thesis / Normal_Alkanes_and_Simple_Oxygenates,Ar,95.71,1.0,CCCCCCCCC,0.29,306.0,Species,4.0,1.85,±1,Stanford,14.13,±3,OH,1307,±0.7,1002,2.0,7.0,,,,0.0,2.0,0.0,0.0,6.0,0.0,0.0,0.0,0.0,0.0,6.0,14.0,0.0
352,374,Lam_2013_thesis / Normal_Alkanes_and_Simple_Oxygenates,Ar,95.71,1.0,CCCCCCCCC,0.29,306.0,Species,4.0,3.45,±1,Stanford,14.13,±3,OH,1359,±0.7,349,2.0,7.0,,,,0.0,2.0,0.0,0.0,6.0,0.0,0.0,0.0,0.0,0.0,6.0,14.0,0.0
353,392,Lam_2013_thesis / Normal_Alkanes_and_Simple_Oxygenates,Ar,95.86,0.5,CCCCCCCCC,0.14,306.0,Species,4.0,1.96,±1,Stanford,14.13,±3,OH,1284,±0.7,781,2.0,7.0,,,,0.0,2.0,0.0,0.0,6.0,0.0,0.0,0.0,0.0,0.0,6.0,14.0,0.0
354,270,Lam_2013_thesis / Normal_Alkanes_and_Simple_Oxygenates,Ar,95.86,0.5,CCCCCCCCC,0.14,306.0,Species,4.0,1.75,±1,Stanford,14.13,±3,OH,1331,±0.7,421,2.0,7.0,,,,0.0,2.0,0.0,0.0,6.0,0.0,0.0,0.0,0.0,0.0,6.0,14.0,0.0
355,349,Lam_2013_thesis / Normal_Alkanes_and_Simple_Oxygenates,Ar,95.71,1.0,CCCCCCCCC,0.29,306.0,Species,4.0,1.68,±1,Stanford,14.13,±3,OH,1288,±0.7,1351,2.0,7.0,,,,0.0,2.0,0.0,0.0,6.0,0.0,0.0,0.0,0.0,0.0,6.0,14.0,0.0
356,239,Lam_2013_thesis / Normal_Alkanes_and_Simple_Oxygenates,Ar,95.71,1.0,CCCCCCCCC,0.29,306.0,Species,4.0,3.63,±1,Stanford,14.13,±3,OH,1348,±0.7,405,2.0,7.0,,,,0.0,2.0,0.0,0.0,6.0,0.0,0.0,0.0,0.0,0.0,6.0,14.0,0.0
357,250,Lam_2013_thesis / Normal_Alkanes_and_Simple_Oxygenates,Ar,95.86,0.5,CCCCCCCCC,0.14,306.0,Species,4.0,1.81,±1,Stanford,14.13,±3,OH,1299,±0.7,730,2.0,7.0,,,,0.0,2.0,0.0,0.0,6.0,0.0,0.0,0.0,0.0,0.0,6.0,14.0,0.0
358,79,Lam_2013_thesis / Normal_Alkanes_and_Simple_Oxygenates,Ar,95.71,1.0,CCCCCCCCC,0.29,306.0,Species,4.0,1.8,±1,Stanford,14.13,±3,OH,1384,±0.7,382,2.0,7.0,,,,0.0,2.0,0.0,0.0,6.0,0.0,0.0,0.0,0.0,0.0,6.0,14.0,0.0
359,7,Lam_2013_thesis / Normal_Alkanes_and_Simple_Oxygenates,Ar,95.86,0.5,CCCCCCCCC,0.14,306.0,Species,4.0,1.82,±1,Stanford,14.13,±3,OH,1470,±0.7,93,2.0,7.0,,,,0.0,2.0,0.0,0.0,6.0,0.0,0.0,0.0,0.0,0.0,6.0,14.0,0.0
360,68,Lam_2013_thesis / Normal_Alkanes_and_Simple_Oxygenates,Ar,95.71,1.0,CCCCCCCCC,0.29,306.0,Species,4.0,3.58,±1,Stanford,14.13,±3,OH,1372,±0.7,318,2.0,7.0,,,,0.0,2.0,0.0,0.0,6.0,0.0,0.0,0.0,0.0,0.0,6.0,14.0,0.0
361,195,Lam_2013_thesis / Normal_Alkanes_and_Simple_Oxygenates,Ar,95.58,1.0,CCCCCC,0.42,306.0,Species,4.0,3.6,±1,Stanford,14.13,±3,OH,1396,±0.7,301,2.0,4.0,,,,0.0,2.0,0.0,0.0,3.0,0.0,0.0,0.0,0.0,0.0,6.0,8.0,0.0
362,32,Lam_2013_thesis / Normal_Alkanes_and_Simple_Oxygenates,Ar,95.79,0.5,CCCCCC,0.21,306.0,Species,4.0,1.69,±1,Stanford,14.13,±3,OH,1403,±0.7,196,2.0,4.0,,,,0.0,2.0,0.0,0.0,3.0,0.0,0.0,0.0,0.0,0.0,6.0,8.0,0.0
363,132,Lam_2013_thesis / Normal_Alkanes_and_Simple_Oxygenates,Ar,95.58,1.0,CCCCCC,0.42,306.0,Species,4.0,1.9,±1,Stanford,14.13,±3,OH,1353,±0.7,623,2.0,4.0,,,,0.0,2.0,0.0,0.0,3.0,0.0,0.0,0.0,0.0,0.0,6.0,8.0,0.0
364,361,Lam_2013_thesis / Normal_Alkanes_and_Simple_Oxygenates,Ar,95.58,1.0,CCCCCC,0.42,306.0,Species,4.0,3.1,±1,Stanford,14.13,±3,OH,1250,±0.7,1805,2.0,4.0,,,,0.0,2.0,0.0,0.0,3.0,0.0,0.0,0.0,0.0,0.0,6.0,8.0,0.0
365,191,Lam_2013_thesis / Normal_Alkanes_and_Simple_Oxygenates,Ar,95.58,1.0,CCCCCC,0.42,306.0,Species,4.0,1.86,±1,Stanford,14.13,±3,OH,1375,±0.7,483,2.0,4.0,,,,0.0,2.0,0.0,0.0,3.0,0.0,0.0,0.0,0.0,0.0,6.0,8.0,0.0
366,137,Lam_2013_thesis / Normal_Alkanes_and_Simple_Oxygenates,Ar,95.58,1.0,CCCCCC,0.42,306.0,Species,4.0,1.76,±1,Stanford,14.13,±3,OH,1358,±0.7,688,2.0,4.0,,,,0.0,2.0,0.0,0.0,3.0,0.0,0.0,0.0,0.0,0.0,6.0,8.0,0.0
367,289,Lam_2013_thesis / Normal_Alkanes_and_Simple_Oxygenates,Ar,95.79,0.5,CCCCCC,0.21,306.0,Species,4.0,1.76,±1,Stanford,14.13,±3,OH,1274,±0.7,1225,2.0,4.0,,,,0.0,2.0,0.0,0.0,3.0,0.0,0.0,0.0,0.0,0.0,6.0,8.0,0.0
368,244,Lam_2013_thesis / Normal_Alkanes_and_Simple_Oxygenates,Ar,95.58,1.0,CCCCCC,0.42,306.0,Species,4.0,3.48,±1,Stanford,14.13,±3,OH,1386,±0.7,291,2.0,4.0,,,,0.0,2.0,0.0,0.0,3.0,0.0,0.0,0.0,0.0,0.0,6.0,8.0,0.0
369,259,Lam_2013_thesis / Normal_Alkanes_and_Simple_Oxygenates,Ar,95.58,1.0,CCCCCC,0.42,306.0,Species,4.0,1.77,±1,Stanford,14.13,±3,OH,1470,±0.7,176,2.0,4.0,,,,0.0,2.0,0.0,0.0,3.0,0.0,0.0,0.0,0.0,0.0,6.0,8.0,0.0
370,276,Lam_2013_thesis / Normal_Alkanes_and_Simple_Oxygenates,Ar,95.58,1.0,CCCCCC,0.42,306.0,Species,4.0,3.43,±1,Stanford,14.13,±3,OH,1407,±0.7,263,2.0,4.0,,,,0.0,2.0,0.0,0.0,3.0,0.0,0.0,0.0,0.0,0.0,6.0,8.0,0.0
371,343,Lam_2013_thesis / Normal_Alkanes_and_Simple_Oxygenates,Ar,95.58,1.0,CCCCCC,0.42,306.0,Species,4.0,3.32,±1,Stanford,14.13,±3,OH,1273,±0.7,1046,2.0,4.0,,,,0.0,2.0,0.0,0.0,3.0,0.0,0.0,0.0,0.0,0.0,6.0,8.0,0.0
372,331,Lam_2013_thesis / Normal_Alkanes_and_Simple_Oxygenates,Ar,95.58,1.0,CCCCCC,0.42,306.0,Species,4.0,1.92,±1,Stanford,14.13,±3,OH,1284,±0.7,1317,2.0,4.0,,,,0.0,2.0,0.0,0.0,3.0,0.0,0.0,0.0,0.0,0.0,6.0,8.0,0.0
